Accuracy,Precision,Recall,F1,AUC,Specificity,MCC,Brier,TP,FP,TN,FN,fold,repeat,method,best_single
0.7868852459016393,0.8571428571428571,0.7272727272727273,0.7868852459016393,0.8798701298701299,0.8571428571428571,0.5844155844155844,0.15185971329896245,24,4,24,9,0,0,A0 Paper stacking,
0.8032786885245902,0.8888888888888888,0.7272727272727273,0.8,0.8896103896103895,0.8928571428571429,0.6221531377244747,0.14326714227426668,24,3,25,9,0,0,A1 +Typed prep,
0.8032786885245902,0.8888888888888888,0.7272727272727273,0.8,0.9069264069264069,0.8928571428571429,0.6221531377244747,0.1425517270257411,24,3,25,9,0,0,A2 +Tuned (6),
0.8032786885245902,0.8888888888888888,0.7272727272727273,0.8,0.9047619047619048,0.8928571428571429,0.6221531377244747,0.14264294226228277,24,3,25,9,0,0,A2b +Tuned+SVM (7),
0.819672131147541,0.8928571428571429,0.7575757575757576,0.819672131147541,0.9004329004329005,0.8928571428571429,0.6504329004329005,0.14135018230241506,25,3,25,8,0,0,A3 LF-DPS (proposed),
0.7868852459016393,0.8125,0.7878787878787878,0.8,0.8836580086580087,0.7857142857142857,0.5723555466420381,0.13278688524590163,26,6,22,7,0,0,Best single (tuned),KNN
0.819672131147541,0.775,0.9393939393939394,0.8493150684931506,0.9199134199134199,0.6785714285714286,0.6481275457848015,0.11555187019938612,31,9,19,2,1,0,A0 Paper stacking,
0.7868852459016393,0.7380952380952381,0.9393939393939394,0.8266666666666667,0.9123376623376624,0.6071428571428571,0.5881037475297186,0.1226378223174448,31,11,17,2,1,0,A1 +Typed prep,
0.819672131147541,0.7619047619047619,0.9696969696969697,0.8533333333333334,0.9383116883116882,0.6428571428571429,0.6591420219838034,0.11677329757784194,32,10,18,1,1,0,A2 +Tuned (6),
0.819672131147541,0.7619047619047619,0.9696969696969697,0.8533333333333334,0.9361471861471862,0.6428571428571429,0.6591420219838034,0.11727633044831016,32,10,18,1,1,0,A2b +Tuned+SVM (7),
0.8360655737704918,0.7804878048780488,0.9696969696969697,0.8648648648648649,0.9339826839826839,0.6785714285714286,0.6881512618769879,0.12016897393702997,32,9,19,1,1,0,A3 LF-DPS (proposed),
0.8360655737704918,0.7948717948717948,0.9393939393939394,0.8611111111111112,0.9274891774891775,0.7142857142857143,0.678355435247432,0.12670573646090172,31,8,20,2,1,0,Best single (tuned),RF
0.85,0.8484848484848485,0.875,0.8615384615384616,0.9118303571428572,0.8214285714285714,0.6983799021553296,0.1225008291174325,28,5,23,4,2,0,A0 Paper stacking,
0.85,0.8484848484848485,0.875,0.8615384615384616,0.9017857142857143,0.8214285714285714,0.6983799021553296,0.1302079786823852,28,5,23,4,2,0,A1 +Typed prep,
0.7833333333333333,0.8275862068965517,0.75,0.7868852459016393,0.8872767857142857,0.8214285714285714,0.5704743343506947,0.14644536870971456,24,5,23,8,2,0,A2 +Tuned (6),
0.7833333333333333,0.8275862068965517,0.75,0.7868852459016393,0.8883928571428571,0.8214285714285714,0.5704743343506947,0.1460303718191654,24,5,23,8,2,0,A2b +Tuned+SVM (7),
0.8333333333333334,0.84375,0.84375,0.84375,0.9051339285714286,0.8214285714285714,0.6651785714285714,0.12858702688748883,27,5,23,5,2,0,A3 LF-DPS (proposed),
0.8166666666666667,0.8387096774193549,0.8125,0.8253968253968254,0.8939732142857143,0.8214285714285714,0.632869964670302,0.1345160044412504,26,5,23,6,2,0,Best single (tuned),LR
0.9,0.8857142857142857,0.9393939393939394,0.9117647058823529,0.9124579124579124,0.8518518518518519,0.7984472665856134,0.08967767950837144,31,4,23,2,3,0,A0 Paper stacking,
0.8666666666666667,0.8571428571428571,0.9090909090909091,0.8823529411764706,0.9068462401795734,0.8148148148148148,0.7304943077272633,0.10310208496901206,30,5,22,3,3,0,A1 +Typed prep,
0.9,0.8857142857142857,0.9393939393939394,0.9117647058823529,0.9113355780022447,0.8518518518518519,0.7984472665856134,0.09042150372724932,31,4,23,2,3,0,A2 +Tuned (6),
0.9,0.8857142857142857,0.9393939393939394,0.9117647058823529,0.9135802469135803,0.8518518518518519,0.7984472665856134,0.08919816902381683,31,4,23,2,3,0,A2b +Tuned+SVM (7),
0.8833333333333333,0.8611111111111112,0.9393939393939394,0.8985507246376812,0.9001122334455668,0.8148148148148148,0.7659026105380703,0.09486402007643863,31,5,22,2,3,0,A3 LF-DPS (proposed),
0.8666666666666667,0.8378378378378378,0.9393939393939394,0.8857142857142857,0.8956228956228955,0.7777777777777778,0.7338329802200695,0.09790752215295424,31,6,21,2,3,0,Best single (tuned),LR
0.8333333333333334,0.8108108108108109,0.9090909090909091,0.8571428571428571,0.9090909090909091,0.7407407407407407,0.6649284750350865,0.127118665101548,30,7,20,3,4,0,A0 Paper stacking,
0.85,0.8333333333333334,0.9090909090909091,0.8695652173913043,0.9438832772166106,0.7777777777777778,0.6975184488828855,0.10440016090191731,30,6,21,3,4,0,A1 +Typed prep,
0.8333333333333334,0.8108108108108109,0.9090909090909091,0.8571428571428571,0.9405162738496072,0.7407407407407407,0.6649284750350865,0.10329608886647673,30,7,20,3,4,0,A2 +Tuned (6),
0.8333333333333334,0.8108108108108109,0.9090909090909091,0.8571428571428571,0.9360269360269361,0.7407407407407407,0.6649284750350865,0.10480643751928939,30,7,20,3,4,0,A2b +Tuned+SVM (7),
0.8333333333333334,0.8108108108108109,0.9090909090909091,0.8571428571428571,0.9349046015712683,0.7407407407407407,0.6649284750350865,0.10763393347664756,30,7,20,3,4,0,A3 LF-DPS (proposed),
0.8333333333333334,0.8108108108108109,0.9090909090909091,0.8571428571428571,0.9416386083052749,0.7407407407407407,0.6649284750350865,0.10291112037443197,30,7,20,3,4,0,Best single (tuned),LR
0.8360655737704918,0.8709677419354839,0.8181818181818182,0.84375,0.9426406926406927,0.8571428571428571,0.673142683593836,0.10181257630133386,27,4,24,6,5,1,A0 Paper stacking,
0.8688524590163934,0.9032258064516129,0.8484848484848485,0.875,0.9393939393939394,0.8928571428571429,0.738946695932336,0.10461306549329738,28,3,25,5,5,1,A1 +Typed prep,
0.8524590163934426,0.9,0.8181818181818182,0.8571428571428571,0.9448051948051948,0.8928571428571429,0.7087415755146639,0.10155545176165408,27,3,25,6,5,1,A2 +Tuned (6),
0.8524590163934426,0.9,0.8181818181818182,0.8571428571428571,0.9426406926406926,0.8928571428571429,0.7087415755146639,0.10126216849723406,27,3,25,6,5,1,A2b +Tuned+SVM (7),
0.8524590163934426,0.9,0.8181818181818182,0.8571428571428571,0.9437229437229436,0.8928571428571429,0.7087415755146639,0.10157686412935789,27,3,25,6,5,1,A3 LF-DPS (proposed),
0.8688524590163934,0.9032258064516129,0.8484848484848485,0.875,0.9437229437229437,0.8928571428571429,0.738946695932336,0.09866554345543715,28,3,25,5,5,1,Best single (tuned),SVM
0.8688524590163934,0.8205128205128205,0.9696969696969697,0.8888888888888888,0.9177489177489178,0.75,0.7468648417873217,0.11675784482815746,32,7,21,1,6,1,A0 Paper stacking,
0.8852459016393442,0.825,1.0,0.9041095890410958,0.920995670995671,0.75,0.7866066361276136,0.10059891021207851,33,7,21,0,6,1,A1 +Typed prep,
0.8688524590163934,0.8048780487804879,1.0,0.8918918918918919,0.9274891774891775,0.7142857142857143,0.7582301049061971,0.10118388976513149,33,8,20,0,6,1,A2 +Tuned (6),
0.8688524590163934,0.8048780487804879,1.0,0.8918918918918919,0.9231601731601732,0.7142857142857143,0.7582301049061971,0.10082015138516087,33,8,20,0,6,1,A2b +Tuned+SVM (7),
0.8688524590163934,0.8048780487804879,1.0,0.8918918918918919,0.9199134199134199,0.7142857142857143,0.7582301049061971,0.1049696722382576,33,8,20,0,6,1,A3 LF-DPS (proposed),
0.8524590163934426,0.7857142857142857,1.0,0.88,0.9253246753246753,0.6785714285714286,0.7301802964378883,0.10419635369594879,33,9,19,0,6,1,Best single (tuned),LR
0.8,0.75,0.9375,0.8333333333333334,0.8850446428571428,0.6428571428571429,0.6141922686399942,0.1390651349347643,30,10,18,2,7,1,A0 Paper stacking,
0.8166666666666667,0.7837837837837838,0.90625,0.8405797101449275,0.8995535714285715,0.7142857142857143,0.636731017873357,0.1311498646180673,29,8,20,3,7,1,A1 +Typed prep,
0.8,0.7631578947368421,0.90625,0.8285714285714286,0.8973214285714286,0.6785714285714286,0.6054442283168511,0.13131030856112388,29,9,19,3,7,1,A2 +Tuned (6),
0.8,0.7631578947368421,0.90625,0.8285714285714286,0.9029017857142857,0.6785714285714286,0.6054442283168511,0.12787674449794445,29,9,19,3,7,1,A2b +Tuned+SVM (7),
0.8333333333333334,0.7894736842105263,0.9375,0.8571428571428571,0.9095982142857143,0.7142857142857143,0.6747699033149638,0.12333613935064061,30,8,20,2,7,1,A3 LF-DPS (proposed),
0.8,0.7631578947368421,0.90625,0.8285714285714286,0.8861607142857142,0.6785714285714286,0.6054442283168511,0.1399343422096076,29,9,19,3,7,1,Best single (tuned),RF
0.85,0.9,0.8181818181818182,0.8571428571428571,0.9180695847362513,0.8888888888888888,0.7035264706814485,0.11057252924522139,27,3,24,6,8,1,A0 Paper stacking,
0.85,0.8529411764705882,0.8787878787878788,0.8656716417910447,0.9225589225589226,0.8148148148148148,0.6963434431202348,0.10935722582712709,29,5,22,4,8,1,A1 +Typed prep,
0.85,0.8529411764705882,0.8787878787878788,0.8656716417910447,0.9214365881032548,0.8148148148148148,0.6963434431202348,0.11318587403484276,29,5,22,4,8,1,A2 +Tuned (6),
0.85,0.8529411764705882,0.8787878787878788,0.8656716417910447,0.9236812570145904,0.8148148148148148,0.6963434431202348,0.1147827001321554,29,5,22,4,8,1,A2b +Tuned+SVM (7),
0.8333333333333334,0.8285714285714286,0.8787878787878788,0.8529411764705882,0.9214365881032548,0.7777777777777778,0.6625413488689132,0.12182447809247435,29,6,21,4,8,1,A3 LF-DPS (proposed),
0.8166666666666667,0.8055555555555556,0.8787878787878788,0.8405797101449275,0.9191919191919192,0.7407407407407407,0.6291342872277006,0.12732187956291768,29,7,20,4,8,1,Best single (tuned),LR
0.8,0.7692307692307693,0.9090909090909091,0.8333333333333334,0.8731762065095398,0.6666666666666666,0.6005325641789633,0.14440824397807217,30,9,18,3,9,1,A0 Paper stacking,
0.85,0.8333333333333334,0.9090909090909091,0.8695652173913043,0.8945005611672279,0.7777777777777778,0.6975184488828855,0.1203985837929337,30,6,21,3,9,1,A1 +Typed prep,
0.85,0.8333333333333334,0.9090909090909091,0.8695652173913043,0.8978675645342312,0.7777777777777778,0.6975184488828855,0.12168938693498563,30,6,21,3,9,1,A2 +Tuned (6),
0.85,0.8333333333333334,0.9090909090909091,0.8695652173913043,0.9012345679012346,0.7777777777777778,0.6975184488828855,0.12010135361284635,30,6,21,3,9,1,A2b +Tuned+SVM (7),
0.85,0.8333333333333334,0.9090909090909091,0.8695652173913043,0.9102132435465768,0.7777777777777778,0.6975184488828855,0.11732351029846412,30,6,21,3,9,1,A3 LF-DPS (proposed),
0.8,0.7692307692307693,0.9090909090909091,0.8333333333333334,0.8973063973063974,0.6666666666666666,0.6005325641789633,0.12591145833333334,30,9,18,3,9,1,Best single (tuned),KNN
0.8524590163934426,0.8157894736842105,0.9393939393939394,0.8732394366197183,0.9242424242424243,0.75,0.7088392059568465,0.1157647458242132,31,7,21,2,10,2,A0 Paper stacking,
0.8524590163934426,0.8157894736842105,0.9393939393939394,0.8732394366197183,0.9155844155844156,0.75,0.7088392059568465,0.11791745821821728,31,7,21,2,10,2,A1 +Typed prep,
0.8360655737704918,0.8108108108108109,0.9090909090909091,0.8571428571428571,0.9339826839826839,0.75,0.6723181321083574,0.10975601080540999,30,7,21,3,10,2,A2 +Tuned (6),
0.819672131147541,0.8055555555555556,0.8787878787878788,0.8405797101449275,0.9274891774891775,0.75,0.6371165579527096,0.1132745251140247,29,7,21,4,10,2,A2b +Tuned+SVM (7),
0.8524590163934426,0.8333333333333334,0.9090909090909091,0.8695652173913043,0.9177489177489178,0.7857142857142857,0.7040083136069528,0.12319005777419886,30,6,22,3,10,2,A3 LF-DPS (proposed),
0.819672131147541,0.7894736842105263,0.9090909090909091,0.8450704225352113,0.8961038961038962,0.7142857142857143,0.6409597843503038,0.13294895808011242,30,8,20,3,10,2,Best single (tuned),SVM
0.819672131147541,0.8235294117647058,0.8484848484848485,0.835820895522388,0.895021645021645,0.7857142857142857,0.6362683048979794,0.12491904616502313,28,6,22,5,11,2,A0 Paper stacking,
0.8032786885245902,0.8181818181818182,0.8181818181818182,0.8181818181818182,0.9025974025974025,0.7857142857142857,0.6038961038961039,0.12206233784138572,27,6,22,6,11,2,A1 +Typed prep,
0.8032786885245902,0.8181818181818182,0.8181818181818182,0.8181818181818182,0.9025974025974026,0.7857142857142857,0.6038961038961039,0.12162680327108638,27,6,22,6,11,2,A2 +Tuned (6),
0.8032786885245902,0.8181818181818182,0.8181818181818182,0.8181818181818182,0.9047619047619048,0.7857142857142857,0.6038961038961039,0.12390622796965078,27,6,22,6,11,2,A2b +Tuned+SVM (7),
0.8032786885245902,0.8387096774193549,0.7878787878787878,0.8125,0.9090909090909091,0.8214285714285714,0.607338671255336,0.12121068307598637,26,5,23,7,11,2,A3 LF-DPS (proposed),
0.8032786885245902,0.8,0.8484848484848485,0.8235294117647058,0.9036796536796537,0.75,0.6030710063455536,0.12520526546021732,28,7,21,5,11,2,Best single (tuned),LR
0.8166666666666667,0.8,0.875,0.835820895522388,0.8883928571428572,0.75,0.6324555320336759,0.1287910711659776,28,7,21,4,12,2,A0 Paper stacking,
0.8333333333333334,0.8235294117647058,0.875,0.8484848484848485,0.8928571428571429,0.7857142857142857,0.6651836553993731,0.12809660030946182,28,6,22,4,12,2,A1 +Typed prep,
0.8666666666666667,0.8529411764705882,0.90625,0.8787878787878788,0.8839285714285714,0.8214285714285714,0.7326009177709311,0.12117125898064203,29,5,23,3,12,2,A2 +Tuned (6),
0.8666666666666667,0.8529411764705882,0.90625,0.8787878787878788,0.8850446428571428,0.8214285714285714,0.7326009177709311,0.1227563270824213,29,5,23,3,12,2,A2b +Tuned+SVM (7),
0.8666666666666667,0.8529411764705882,0.90625,0.8787878787878788,0.8839285714285715,0.8214285714285714,0.7326009177709311,0.12148725477913803,29,5,23,3,12,2,A3 LF-DPS (proposed),
0.8666666666666667,0.8529411764705882,0.90625,0.8787878787878788,0.875,0.8214285714285714,0.7326009177709311,0.13562305108946723,29,5,23,3,12,2,Best single (tuned),RF
0.7833333333333333,0.8333333333333334,0.7575757575757576,0.7936507936507936,0.877665544332211,0.8148148148148148,0.5695214286468868,0.1478627470147636,25,5,22,8,13,2,A0 Paper stacking,
0.8,0.8387096774193549,0.7878787878787878,0.8125,0.8855218855218856,0.8148148148148148,0.6000059924121083,0.13337464576649444,26,5,22,7,13,2,A1 +Typed prep,
0.7833333333333333,0.8333333333333334,0.7575757575757576,0.7936507936507936,0.9124579124579125,0.8148148148148148,0.5695214286468868,0.12912435518925486,25,5,22,8,13,2,A2 +Tuned (6),
0.7833333333333333,0.8333333333333334,0.7575757575757576,0.7936507936507936,0.9135802469135803,0.8148148148148148,0.5695214286468868,0.1279388093608333,25,5,22,8,13,2,A2b +Tuned+SVM (7),
0.7833333333333333,0.8333333333333334,0.7575757575757576,0.7936507936507936,0.9057239057239057,0.8148148148148148,0.5695214286468868,0.13682458651876434,25,5,22,8,13,2,A3 LF-DPS (proposed),
0.8333333333333334,0.8484848484848485,0.8484848484848485,0.8484848484848485,0.9023569023569024,0.8148148148148148,0.6632996632996633,0.12767974802780477,28,5,22,5,13,2,Best single (tuned),LR
0.7166666666666667,0.7666666666666667,0.696969696969697,0.7301587301587301,0.8821548821548822,0.7407407407407407,0.4355163866123252,0.14869799030555966,23,7,20,10,14,2,A0 Paper stacking,
0.7833333333333333,0.7941176470588235,0.8181818181818182,0.8059701492537313,0.8810325476992144,0.7407407407407407,0.561131124067762,0.1299743293949804,27,7,20,6,14,2,A1 +Typed prep,
0.8166666666666667,0.8055555555555556,0.8787878787878788,0.8405797101449275,0.8832772166105499,0.7407407407407407,0.6291342872277006,0.12341644192331952,29,7,20,4,14,2,A2 +Tuned (6),
0.8166666666666667,0.8055555555555556,0.8787878787878788,0.8405797101449275,0.877665544332211,0.7407407407407407,0.6291342872277006,0.12664710526621004,29,7,20,4,14,2,A2b +Tuned+SVM (7),
0.8333333333333334,0.8108108108108109,0.9090909090909091,0.8571428571428571,0.8877665544332212,0.7407407407407407,0.6649284750350865,0.12122587774644773,30,7,20,3,14,2,A3 LF-DPS (proposed),
0.8,0.8,0.8484848484848485,0.8235294117647058,0.88327721661055,0.7407407407407407,0.5945883900105631,0.12861687261803273,28,7,20,5,14,2,Best single (tuned),SVM
0.8360655737704918,0.8108108108108109,0.9090909090909091,0.8571428571428571,0.9296536796536797,0.75,0.6723181321083574,0.11214902998629414,30,7,21,3,15,3,A0 Paper stacking,
0.8524590163934426,0.8333333333333334,0.9090909090909091,0.8695652173913043,0.906926406926407,0.7857142857142857,0.7040083136069528,0.10899537387885526,30,6,22,3,15,3,A1 +Typed prep,
0.8360655737704918,0.8285714285714286,0.8787878787878788,0.8529411764705882,0.9112554112554113,0.7857142857142857,0.6695942095771606,0.1147866328349767,29,6,22,4,15,3,A2 +Tuned (6),
0.8360655737704918,0.8285714285714286,0.8787878787878788,0.8529411764705882,0.9080086580086579,0.7857142857142857,0.6695942095771606,0.11442391001733582,29,6,22,4,15,3,A2b +Tuned+SVM (7),
0.819672131147541,0.8235294117647058,0.8484848484848485,0.835820895522388,0.9058441558441559,0.7857142857142857,0.6362683048979794,0.11766129879224771,28,6,22,5,15,3,A3 LF-DPS (proposed),
0.8524590163934426,0.8333333333333334,0.9090909090909091,0.8695652173913043,0.9101731601731603,0.7857142857142857,0.7040083136069528,0.13109886584379862,30,6,22,3,15,3,Best single (tuned),RF
0.8360655737704918,0.8285714285714286,0.8787878787878788,0.8529411764705882,0.9383116883116883,0.7857142857142857,0.6695942095771606,0.10603378159934891,29,6,22,4,16,3,A0 Paper stacking,
0.7868852459016393,0.8125,0.7878787878787878,0.8,0.920995670995671,0.7857142857142857,0.5723555466420381,0.11539994505908836,26,6,22,7,16,3,A1 +Typed prep,
0.8688524590163934,0.8571428571428571,0.9090909090909091,0.8823529411764706,0.9383116883116883,0.8214285714285714,0.7361174128087679,0.10722326289448651,30,5,23,3,16,3,A2 +Tuned (6),
0.8524590163934426,0.8333333333333334,0.9090909090909091,0.8695652173913043,0.9404761904761905,0.7857142857142857,0.7040083136069528,0.10521994987320593,30,6,22,3,16,3,A2b +Tuned+SVM (7),
0.8524590163934426,0.8529411764705882,0.8787878787878788,0.8656716417910447,0.9350649350649352,0.8214285714285714,0.7025010124044243,0.10934282189881588,29,5,23,4,16,3,A3 LF-DPS (proposed),
0.8360655737704918,0.8484848484848485,0.8484848484848485,0.8484848484848485,0.9166666666666667,0.8214285714285714,0.6699134199134199,0.11870132378742967,28,5,23,5,16,3,Best single (tuned),RF
0.8,0.7941176470588235,0.84375,0.8181818181818182,0.8816964285714286,0.75,0.597766393027815,0.13650948281881206,27,7,21,5,17,3,A0 Paper stacking,
0.8166666666666667,0.8181818181818182,0.84375,0.8307692307692308,0.90625,0.7857142857142857,0.6312279884865479,0.12096415208447478,27,6,22,5,17,3,A1 +Typed prep,
0.8333333333333334,0.8235294117647058,0.875,0.8484848484848485,0.9129464285714286,0.7857142857142857,0.6651836553993731,0.12344471763206627,28,6,22,4,17,3,A2 +Tuned (6),
0.8333333333333334,0.8235294117647058,0.875,0.8484848484848485,0.9140625,0.7857142857142857,0.6651836553993731,0.12308389448911804,28,6,22,4,17,3,A2b +Tuned+SVM (7),
0.8333333333333334,0.8235294117647058,0.875,0.8484848484848485,0.904017857142857,0.7857142857142857,0.6651836553993731,0.12269636467691918,28,6,22,4,17,3,A3 LF-DPS (proposed),
0.8666666666666667,0.8529411764705882,0.90625,0.8787878787878788,0.90625,0.8214285714285714,0.7326009177709311,0.1196838881681285,29,5,23,3,17,3,Best single (tuned),SVM
0.8666666666666667,0.8378378378378378,0.9393939393939394,0.8857142857142857,0.9461279461279462,0.7777777777777778,0.7338329802200695,0.09527820426393316,31,6,21,2,18,3,A0 Paper stacking,
0.9166666666666666,0.8888888888888888,0.9696969696969697,0.927536231884058,0.946127946127946,0.8518518518518519,0.8342867721932552,0.08454266562285967,32,4,23,1,18,3,A1 +Typed prep,
0.8833333333333333,0.8611111111111112,0.9393939393939394,0.8985507246376812,0.9483726150392817,0.8148148148148148,0.7659026105380703,0.0931461271820072,31,5,22,2,18,3,A2 +Tuned (6),
0.8833333333333333,0.8611111111111112,0.9393939393939394,0.8985507246376812,0.9506172839506173,0.8148148148148148,0.7659026105380703,0.09160373844444099,31,5,22,2,18,3,A2b +Tuned+SVM (7),
0.9,0.8648648648648649,0.9696969696969697,0.9142857142857143,0.9427609427609427,0.8148148148148148,0.8027374854050526,0.08913143824272915,32,5,22,1,18,3,A3 LF-DPS (proposed),
0.9,0.8648648648648649,0.9696969696969697,0.9142857142857143,0.941638608305275,0.8148148148148148,0.8027374854050526,0.09343742442349053,32,5,22,1,18,3,Best single (tuned),LR
0.8166666666666667,0.8235294117647058,0.8484848484848485,0.835820895522388,0.8799102132435466,0.7777777777777778,0.6287372835939984,0.13819345491736668,28,6,21,5,19,3,A0 Paper stacking,
0.8,0.8181818181818182,0.8181818181818182,0.8181818181818182,0.8316498316498318,0.7777777777777778,0.5959595959595959,0.1530318500785168,27,6,21,6,19,3,A1 +Typed prep,
0.8333333333333334,0.8108108108108109,0.9090909090909091,0.8571428571428571,0.8653198653198653,0.7407407407407407,0.6649284750350865,0.1389571513222426,30,7,20,3,19,3,A2 +Tuned (6),
0.85,0.8333333333333334,0.9090909090909091,0.8695652173913043,0.8664421997755332,0.7777777777777778,0.6975184488828855,0.13830521051934588,30,6,21,3,19,3,A2b +Tuned+SVM (7),
0.8166666666666667,0.8235294117647058,0.8484848484848485,0.835820895522388,0.8630751964085297,0.7777777777777778,0.6287372835939984,0.13781039935729267,28,6,21,5,19,3,A3 LF-DPS (proposed),
0.85,0.8333333333333334,0.9090909090909091,0.8695652173913043,0.8653198653198653,0.7777777777777778,0.6975184488828855,0.14103079029842513,30,6,21,3,19,3,Best single (tuned),SVM
0.819672131147541,0.7894736842105263,0.9090909090909091,0.8450704225352113,0.8798701298701298,0.7142857142857143,0.6409597843503038,0.12968361255187497,30,8,20,3,20,4,A0 Paper stacking,
0.819672131147541,0.775,0.9393939393939394,0.8493150684931506,0.8896103896103896,0.6785714285714286,0.6481275457848015,0.13509928285721295,31,9,19,2,20,4,A1 +Typed prep,
0.8360655737704918,0.8108108108108109,0.9090909090909091,0.8571428571428571,0.9199134199134199,0.75,0.6723181321083574,0.11549878137836966,30,7,21,3,20,4,A2 +Tuned (6),
0.8360655737704918,0.8108108108108109,0.9090909090909091,0.8571428571428571,0.9231601731601732,0.75,0.6723181321083574,0.11516427367828976,30,7,21,3,20,4,A2b +Tuned+SVM (7),
0.8360655737704918,0.8108108108108109,0.9090909090909091,0.8571428571428571,0.9188311688311689,0.75,0.6723181321083574,0.11243973203056767,30,7,21,3,20,4,A3 LF-DPS (proposed),
0.8688524590163934,0.8205128205128205,0.9696969696969697,0.8888888888888888,0.9188311688311688,0.75,0.7468648417873217,0.11001833161379915,32,7,21,1,20,4,Best single (tuned),LR
0.819672131147541,0.775,0.9393939393939394,0.8493150684931506,0.8809523809523809,0.6785714285714286,0.6481275457848015,0.138667261869922,31,9,19,2,21,4,A0 Paper stacking,
0.819672131147541,0.7894736842105263,0.9090909090909091,0.8450704225352113,0.8993506493506493,0.7142857142857143,0.6409597843503038,0.12856947608432284,30,8,20,3,21,4,A1 +Typed prep,
0.7868852459016393,0.7631578947368421,0.8787878787878788,0.8169014084507042,0.8798701298701299,0.6785714285714286,0.5730803627437612,0.1477272808433136,29,9,19,4,21,4,A2 +Tuned (6),
0.7868852459016393,0.7631578947368421,0.8787878787878788,0.8169014084507042,0.8787878787878788,0.6785714285714286,0.5730803627437612,0.14856561277981342,29,9,19,4,21,4,A2b +Tuned+SVM (7),
0.7868852459016393,0.75,0.9090909090909091,0.821917808219178,0.8787878787878788,0.6428571428571429,0.5788880006133953,0.1430498915377913,30,10,18,3,21,4,A3 LF-DPS (proposed),
0.8360655737704918,0.7948717948717948,0.9393939393939394,0.8611111111111112,0.8798701298701298,0.7142857142857143,0.678355435247432,0.13504098295649797,31,8,20,2,21,4,Best single (tuned),LR
0.8666666666666667,0.9,0.84375,0.8709677419354839,0.96875,0.8928571428571429,0.734968415259167,0.08039795737798983,27,3,25,5,22,4,A0 Paper stacking,
0.8833333333333333,0.9310344827586207,0.84375,0.8852459016393442,0.96875,0.9285714285714286,0.7710317175208609,0.08766903352485962,27,2,26,5,22,4,A1 +Typed prep,
0.85,0.896551724137931,0.8125,0.8524590163934426,0.9609375,0.8928571428571429,0.7041792564641388,0.09327158595954013,26,3,25,6,22,4,A2 +Tuned (6),
0.85,0.896551724137931,0.8125,0.8524590163934426,0.9609375,0.8928571428571429,0.7041792564641388,0.0936157053889529,26,3,25,6,22,4,A2b +Tuned+SVM (7),
0.85,0.896551724137931,0.8125,0.8524590163934426,0.9631696428571428,0.8928571428571429,0.7041792564641388,0.09402028067557669,26,3,25,6,22,4,A3 LF-DPS (proposed),
0.8833333333333333,0.9032258064516129,0.875,0.8888888888888888,0.9587053571428571,0.8928571428571429,0.7665748867837461,0.12084071200041166,28,3,25,4,22,4,Best single (tuned),XGB
0.8333333333333334,0.8709677419354839,0.8181818181818182,0.84375,0.8608305274971941,0.8518518518518519,0.667045768100612,0.15675059169400368,27,4,23,6,23,4,A0 Paper stacking,
0.8333333333333334,0.8709677419354839,0.8181818181818182,0.84375,0.8900112233445566,0.8518518518518519,0.667045768100612,0.1344947706144865,27,4,23,6,23,4,A1 +Typed prep,
0.8333333333333334,0.8709677419354839,0.8181818181818182,0.84375,0.9023569023569024,0.8518518518518519,0.667045768100612,0.13361907475590468,27,4,23,6,23,4,A2 +Tuned (6),
0.8333333333333334,0.8709677419354839,0.8181818181818182,0.84375,0.9012345679012345,0.8518518518518519,0.667045768100612,0.13330462474739282,27,4,23,6,23,4,A2b +Tuned+SVM (7),
0.8333333333333334,0.8709677419354839,0.8181818181818182,0.84375,0.8945005611672279,0.8518518518518519,0.667045768100612,0.1306281336580855,27,4,23,6,23,4,A3 LF-DPS (proposed),
0.8333333333333334,0.8709677419354839,0.8181818181818182,0.84375,0.8922558922558923,0.8518518518518519,0.667045768100612,0.13358005428982173,27,4,23,6,23,4,Best single (tuned),LR
0.7833333333333333,0.7631578947368421,0.8787878787878788,0.8169014084507042,0.9281705948372615,0.6666666666666666,0.5631113467731971,0.1269029491122696,29,9,18,4,24,4,A0 Paper stacking,
0.8,0.7692307692307693,0.9090909090909091,0.8333333333333334,0.9158249158249159,0.6666666666666666,0.6005325641789633,0.13176966290672365,30,9,18,3,24,4,A1 +Typed prep,
0.8166666666666667,0.775,0.9393939393939394,0.8493150684931506,0.9113355780022447,0.6666666666666666,0.6396021490668312,0.12207490743142896,31,9,18,2,24,4,A2 +Tuned (6),
0.8166666666666667,0.7894736842105263,0.9090909090909091,0.8450704225352113,0.9068462401795735,0.7037037037037037,0.6326312661279128,0.12431363830344556,30,8,19,3,24,4,A2b +Tuned+SVM (7),
0.85,0.8157894736842105,0.9393939393939394,0.8732394366197183,0.9169472502805837,0.7407407407407407,0.7021511854826284,0.12342321683603784,31,7,20,2,24,4,A3 LF-DPS (proposed),
0.85,0.8157894736842105,0.9393939393939394,0.8732394366197183,0.9281705948372615,0.7407407407407407,0.7021511854826284,0.11469907407407408,31,7,20,2,24,4,Best single (tuned),KNN
