seed,model,n_test,n_seen,n_unseen,correct_seen,correct_unseen
0,LR,205,201,4,173,4
0,NB,205,201,4,171,4
0,KNN,205,201,4,177,4
0,DT,205,201,4,201,4
0,RF,205,201,4,201,4
0,XGB,205,201,4,201,4
0,Stacking,205,201,4,201,4
1,LR,205,202,3,163,3
1,NB,205,202,3,157,3
1,KNN,205,202,3,168,3
1,DT,205,202,3,202,3
1,RF,205,202,3,202,3
1,XGB,205,202,3,202,3
1,Stacking,205,202,3,202,3
2,LR,205,195,10,163,10
2,NB,205,195,10,167,10
2,KNN,205,195,10,160,10
2,DT,205,195,10,195,6
2,RF,205,195,10,195,10
2,XGB,205,195,10,195,10
2,Stacking,205,195,10,195,10
3,LR,205,202,3,166,3
3,NB,205,202,3,170,3
3,KNN,205,202,3,172,3
3,DT,205,202,3,202,3
3,RF,205,202,3,202,3
3,XGB,205,202,3,202,3
3,Stacking,205,202,3,202,3
4,LR,205,202,3,164,3
4,NB,205,202,3,162,3
4,KNN,205,202,3,174,3
4,DT,205,202,3,202,3
4,RF,205,202,3,202,3
4,XGB,205,202,3,202,3
4,Stacking,205,202,3,202,3
5,LR,205,192,13,161,13
5,NB,205,192,13,159,13
5,KNN,205,192,13,171,13
5,DT,205,192,13,192,10
5,RF,205,192,13,192,13
5,XGB,205,192,13,192,13
5,Stacking,205,192,13,192,13
6,LR,205,196,9,170,6
6,NB,205,196,9,162,6
6,KNN,205,196,9,161,6
6,DT,205,196,9,196,6
6,RF,205,196,9,196,6
6,XGB,205,196,9,196,6
6,Stacking,205,196,9,196,6
7,LR,205,195,10,168,10
7,NB,205,195,10,164,10
7,KNN,205,195,10,164,10
7,DT,205,195,10,195,10
7,RF,205,195,10,195,10
7,XGB,205,195,10,195,10
7,Stacking,205,195,10,195,10
8,LR,205,205,0,173,0
8,NB,205,205,0,168,0
8,KNN,205,205,0,179,0
8,DT,205,205,0,205,0
8,RF,205,205,0,205,0
8,XGB,205,205,0,205,0
8,Stacking,205,205,0,205,0
9,LR,205,190,15,168,12
9,NB,205,190,15,166,12
9,KNN,205,190,15,165,12
9,DT,205,190,15,190,12
9,RF,205,190,15,190,12
9,XGB,205,190,15,190,12
9,Stacking,205,190,15,190,12
10,LR,205,195,10,166,10
10,NB,205,195,10,161,10
10,KNN,205,195,10,162,7
10,DT,205,195,10,195,10
10,RF,205,195,10,195,10
10,XGB,205,195,10,195,10
10,Stacking,205,195,10,195,10
11,LR,205,199,6,171,6
11,NB,205,199,6,167,6
11,KNN,205,199,6,164,6
11,DT,205,199,6,199,6
11,RF,205,199,6,199,6
11,XGB,205,199,6,199,6
11,Stacking,205,199,6,199,6
12,LR,205,199,6,165,6
12,NB,205,199,6,152,6
12,KNN,205,199,6,174,3
12,DT,205,199,6,199,6
12,RF,205,199,6,199,6
12,XGB,205,199,6,199,6
12,Stacking,205,199,6,199,6
13,LR,205,187,18,155,12
13,NB,205,187,18,154,12
13,KNN,205,187,18,154,15
13,DT,205,187,18,187,9
13,RF,205,187,18,187,12
13,XGB,205,187,18,187,12
13,Stacking,205,187,18,187,9
14,LR,205,199,6,165,3
14,NB,205,199,6,166,6
14,KNN,205,199,6,178,6
14,DT,205,199,6,199,6
14,RF,205,199,6,199,6
14,XGB,205,199,6,199,6
14,Stacking,205,199,6,199,6
15,LR,205,205,0,171,0
15,NB,205,205,0,168,0
15,KNN,205,205,0,183,0
15,DT,205,205,0,205,0
15,RF,205,205,0,205,0
15,XGB,205,205,0,205,0
15,Stacking,205,205,0,205,0
16,LR,205,196,9,164,9
16,NB,205,196,9,161,9
16,KNN,205,196,9,159,9
16,DT,205,196,9,196,9
16,RF,205,196,9,196,9
16,XGB,205,196,9,196,9
16,Stacking,205,196,9,196,9
17,LR,205,202,3,169,3
17,NB,205,202,3,170,3
17,KNN,205,202,3,172,3
17,DT,205,202,3,202,3
17,RF,205,202,3,202,3
17,XGB,205,202,3,202,3
17,Stacking,205,202,3,202,3
18,LR,205,199,6,170,6
18,NB,205,199,6,161,6
18,KNN,205,199,6,167,6
18,DT,205,199,6,199,3
18,RF,205,199,6,199,6
18,XGB,205,199,6,199,3
18,Stacking,205,199,6,199,3
19,LR,205,199,6,168,6
19,NB,205,199,6,162,6
19,KNN,205,199,6,160,6
19,DT,205,199,6,199,6
19,RF,205,199,6,199,6
19,XGB,205,199,6,199,6
19,Stacking,205,199,6,199,6
20,LR,205,199,6,157,6
20,NB,205,199,6,158,6
20,KNN,205,199,6,168,6
20,DT,205,199,6,199,6
20,RF,205,199,6,199,6
20,XGB,205,199,6,199,6
20,Stacking,205,199,6,199,6
21,LR,205,202,3,167,3
21,NB,205,202,3,161,3
21,KNN,205,202,3,166,3
21,DT,205,202,3,202,3
21,RF,205,202,3,202,3
21,XGB,205,202,3,202,3
21,Stacking,205,202,3,202,3
22,LR,205,202,3,165,3
22,NB,205,202,3,161,3
22,KNN,205,202,3,164,3
22,DT,205,202,3,202,3
22,RF,205,202,3,202,3
22,XGB,205,202,3,202,3
22,Stacking,205,202,3,202,3
23,LR,205,202,3,176,3
23,NB,205,202,3,166,3
23,KNN,205,202,3,178,3
23,DT,205,202,3,202,3
23,RF,205,202,3,202,3
23,XGB,205,202,3,202,3
23,Stacking,205,202,3,202,3
24,LR,205,196,9,170,9
24,NB,205,196,9,163,9
24,KNN,205,196,9,170,9
24,DT,205,196,9,196,9
24,RF,205,196,9,196,9
24,XGB,205,196,9,196,9
24,Stacking,205,196,9,196,9
25,LR,205,202,3,167,3
25,NB,205,202,3,160,3
25,KNN,205,202,3,174,3
25,DT,205,202,3,202,3
25,RF,205,202,3,202,3
25,XGB,205,202,3,202,3
25,Stacking,205,202,3,202,3
26,LR,205,199,6,166,6
26,NB,205,199,6,167,6
26,KNN,205,199,6,168,6
26,DT,205,199,6,199,6
26,RF,205,199,6,199,6
26,XGB,205,199,6,199,6
26,Stacking,205,199,6,199,6
27,LR,205,199,6,173,6
27,NB,205,199,6,171,6
27,KNN,205,199,6,174,6
27,DT,205,199,6,199,6
27,RF,205,199,6,199,6
27,XGB,205,199,6,199,6
27,Stacking,205,199,6,199,6
28,LR,205,205,0,178,0
28,NB,205,205,0,167,0
28,KNN,205,205,0,171,0
28,DT,205,205,0,205,0
28,RF,205,205,0,205,0
28,XGB,205,205,0,205,0
28,Stacking,205,205,0,205,0
29,LR,205,205,0,179,0
29,NB,205,205,0,172,0
29,KNN,205,205,0,171,0
29,DT,205,205,0,205,0
29,RF,205,205,0,205,0
29,XGB,205,205,0,205,0
29,Stacking,205,205,0,205,0
