fold,model,inner_auc,C,var_smoothing,n_neighbors,p,weights,criterion,max_depth,min_samples_leaf,max_features,n_estimators,l2_regularization,learning_rate,max_iter,gamma
0,LR,0.9069930069930068,0.0745934328572655,,,,,,,,,,,,,
0,NB,0.9051152551152551,,0.05001479828856919,,,,,,,,,,,,
0,KNN,0.9089031339031338,,,10,1,uniform,,,,,,,,,
0,DT,0.8332944832944833,,,,,,gini,6,7,,,,,,
0,RF,0.9087153587153589,,,,,,,None,3,sqrt,300,,,,
0,XGB,0.8981999481999482,,,,,,,4,28,,,0.004207988669606638,0.01699897838270077,252,
0,SVM,0.9068376068376068,0.1648044642797898,,,,,,,,,,,,,0.012561043700013555
1,LR,0.9012561512561513,0.04322104659169875,,,,,,,,,,,,,
1,NB,0.8726625226625228,,0.003902787537214336,,,,,,,,,,,,
1,KNN,0.9106060606060605,,,39,1,distance,,,,,,,,,
1,DT,0.8436609686609687,,,,,,entropy,8,5,,,,,,
1,RF,0.912962962962963,,,,,,,None,9,sqrt,100,,,,
1,XGB,0.9127169127169127,,,,,,,4,22,,,0.0028854813096126047,0.07937159920625952,66,
1,SVM,0.9065915565915565,4.617010395473563,,,,,,,,,,,,,0.014609954019847438
2,LR,0.9215229215229215,1.1122230802829751,,,,,,,,,,,,,
2,NB,0.9141414141414141,,0.04029602915369896,,,,,,,,,,,,
2,KNN,0.9080678580678582,,,21,1,distance,,,,,,,,,
2,DT,0.8175472675472675,,,,,,entropy,8,9,,,,,,
2,RF,0.9143874643874643,,,,,,,5,2,sqrt,100,,,,
2,XGB,0.9042735042735043,,,,,,,2,13,,,0.3851609503463898,0.020694034785904775,271,
2,SVM,0.919049469049469,0.27368018278462974,,,,,,,,,,,,,0.02734976017718085
3,LR,0.9172606781302433,1.3707505017414034,,,,,,,,,,,,,
3,NB,0.9107592085852956,,0.07764529328982367,,,,,,,,,,,,
3,KNN,0.9077581838451405,,,14,1,distance,,,,,,,,,
3,DT,0.8542050944224858,,,,,,entropy,None,13,,,,,,
3,RF,0.9131532718489239,,,,,,,8,9,sqrt,200,,,,
3,XGB,0.912010292445075,,,,,,,2,26,,,9.037453045307826,0.0648252494224361,145,
3,SVM,0.9068150850759545,2.972883798898908,,,,,,,,,,,,,0.0013510419251197912
4,LR,0.9145721428330124,1.4933738087330186,,,,,,,,,,,,,
4,NB,0.8972011080706734,,0.023570759404605946,,,,,,,,,,,,
4,KNN,0.9083910453475671,,,32,1,distance,,,,,,,,,
4,DT,0.8522831435874915,,,,,,gini,5,12,,,,,,
4,RF,0.908213686474556,,,,,,,5,8,sqrt,100,,,,
4,XGB,0.8921384975732801,,,,,,,2,12,,,0.0144145192647182,0.02223566978268742,196,
4,SVM,0.9135901940249767,29.398527786315146,,,,,,,,,,,,,0.0019708941825463057
5,LR,0.9086117586117586,0.11830362055343226,,,,,,,,,,,,,
5,NB,0.8943408443408444,,0.055568790531931166,,,,,,,,,,,,
5,KNN,0.8994431494431494,,,29,1,distance,,,,,,,,,
5,DT,0.8197940947940948,,,,,,entropy,4,10,,,,,,
5,RF,0.8916083916083917,,,,,,,3,7,sqrt,200,,,,
5,XGB,0.8947422947422948,,,,,,,None,36,,,0.1404310586619805,0.02713162054661561,286,
5,SVM,0.9094664594664594,65.71291452152195,,,,,,,,,,,,,0.0003224469580930945
6,LR,0.9252266252266251,0.5509973774243951,,,,,,,,,,,,,
6,NB,0.8752136752136753,,0.008236309762564963,,,,,,,,,,,,
6,KNN,0.9160321160321161,,,30,1,distance,,,,,,,,,
6,DT,0.8092139342139342,,,,,,gini,5,3,,,,,,
6,RF,0.908935508935509,,,,,,,3,7,sqrt,300,,,,
6,XGB,0.9002849002849003,,,,,,,4,32,,,0.2349511829057921,0.03143165113801219,168,
6,SVM,0.9211344211344212,14.727771673352313,,,,,,,,,,,,,0.0019855571413078255
7,LR,0.9140896140896141,0.31181840773802605,,,,,,,,,,,,,
7,NB,0.8969308469308469,,0.018337973913457366,,,,,,,,,,,,
7,KNN,0.9178515928515928,,,36,1,uniform,,,,,,,,,
7,DT,0.8609557109557109,,,,,,entropy,6,13,,,,,,
7,RF,0.9233747733747733,,,,,,,3,5,sqrt,100,,,,
7,XGB,0.910994560994561,,,,,,,None,36,,,0.0017205739457035155,0.026799438978698107,108,
7,SVM,0.9181947681947683,70.57813296951296,,,,,,,,,,,,,0.0001720573945703515
8,LR,0.9147157190635452,0.03548515801084289,,,,,,,,,,,,,
8,NB,0.9104934517977996,,0.09241496461191125,,,,,,,,,,,,
8,KNN,0.9125274483970136,,,36,1,uniform,,,,,,,,,
8,DT,0.8420126572300484,,,,,,entropy,4,10,,,,,,
8,RF,0.9144617862009167,,,,,,,None,2,sqrt,300,,,,
8,XGB,0.8955834825400043,,,,,,,None,31,,,0.019988914781029262,0.044556065495338776,141,
8,SVM,0.911879103183451,1.0684064363380221,,,,,,,,,,,,,0.01248573205391212
9,LR,0.9276713624539712,2.3914267205665785,,,,,,,,,,,,,
9,NB,0.909020528585746,,0.03114426359829854,,,,,,,,,,,,
9,KNN,0.929105154105154,,,16,1,uniform,,,,,,,,,
9,DT,0.875641588685067,,,,,,entropy,6,8,,,,,,
9,RF,0.9233708320664842,,,,,,,5,6,sqrt,300,,,,
9,XGB,0.9169622647883517,,,,,,,5,39,,,0.0017179813836258333,0.02031402246764235,269,
9,SVM,0.9258617389052171,2.2907342323004936,,,,,,,,,,,,,0.008936823179767283
10,LR,0.896089096089096,0.4033093136871957,,,,,,,,,,,,,
10,NB,0.8960502460502461,,0.06372263736273391,,,,,,,,,,,,
10,KNN,0.8966588966588965,,,39,1,distance,,,,,,,,,
10,DT,0.8313066563066563,,,,,,entropy,4,4,,,,,,
10,RF,0.8912328412328412,,,,,,,3,8,sqrt,300,,,,
10,XGB,0.8745273245273246,,,,,,,4,31,,,2.1082983802214326,0.07117491816419733,178,
10,SVM,0.8978243978243977,19.608364112500702,,,,,,,,,,,,,0.00012719555255131935
11,LR,0.9243848743848744,0.47725305970104287,,,,,,,,,,,,,
11,NB,0.8631572131572132,,0.002928357344247547,,,,,,,,,,,,
11,KNN,0.9126521626521626,,,14,1,distance,,,,,,,,,
11,DT,0.8605607355607356,,,,,,entropy,4,6,,,,,,
11,RF,0.9182206682206683,,,,,,,5,6,sqrt,300,,,,
11,XGB,0.9173659673659673,,,,,,,5,37,,,0.12514698708286914,0.0789713146418908,62,
11,SVM,0.9225848225848227,20.409158906047477,,,,,,,,,,,,,0.00114332261746572
12,LR,0.924125874125874,0.12615801169457774,,,,,,,,,,,,,
12,NB,0.9111240611240611,,0.04890599140487487,,,,,,,,,,,,
12,KNN,0.9207070707070708,,,16,1,uniform,,,,,,,,,
12,DT,0.8516640766640766,,,,,,gini,3,10,,,,,,
12,RF,0.9324009324009325,,,,,,,None,7,sqrt,100,,,,
12,XGB,0.9227207977207978,,,,,,,2,30,,,0.0013140988501955774,0.03787778695608829,152,
12,SVM,0.9043382543382543,0.36833935215953006,,,,,,,,,,,,,0.004160793439402345
13,LR,0.9198974133756742,0.45250058920084096,,,,,,,,,,,,,
13,NB,0.9147607625868494,,0.05206659774029429,,,,,,,,,,,,
13,KNN,0.90711941038028,,,38,1,uniform,,,,,,,,,
13,DT,0.8258530117225771,,,,,,gini,6,16,,,,,,
13,RF,0.9081410537932278,,,,,,,3,6,sqrt,200,,,,
13,XGB,0.8995551952073692,,,,,,,5,39,,,0.1061827391496679,0.030668530226690065,253,
13,SVM,0.9080391428217516,28.217693262771324,,,,,,,,,,,,,0.00014601605606405165
14,LR,0.9210550319245969,0.09084317526849174,,,,,,,,,,,,,
14,NB,0.9057548731461775,,0.06948939097681307,,,,,,,,,,,,
14,KNN,0.9194999042825132,,,34,1,distance,,,,,,,,,
14,DT,0.8840208101077666,,,,,,gini,3,6,,,,,,
14,RF,0.921423825771652,,,,,,,None,9,sqrt,200,,,,
14,XGB,0.9067680708985056,,,,,,,2,13,,,8.166249486073525,0.06330566991604863,66,
14,SVM,0.925889328063241,25.058909493321597,,,,,,,,,,,,,0.0011515141337743492
15,LR,0.9130924630924631,0.40780614367524826,,,,,,,,,,,,,
15,NB,0.895998445998446,,0.015189765624901456,,,,,,,,,,,,
15,KNN,0.9117456617456619,,,37,1,uniform,,,,,,,,,
15,DT,0.8226625226625226,,,,,,entropy,4,3,,,,,,
15,RF,0.9175990675990675,,,,,,,3,8,sqrt,300,,,,
15,XGB,0.9121535871535871,,,,,,,3,35,,,3.150479970207856,0.01194116580499846,277,
15,SVM,0.9137270137270137,1.2256402404903715,,,,,,,,,,,,,0.0049974567650257155
16,LR,0.9120953120953121,0.18031405472079834,,,,,,,,,,,,,
16,NB,0.9000647500647501,,0.04879181088806799,,,,,,,,,,,,
16,KNN,0.9048821548821548,,,38,1,distance,,,,,,,,,
16,DT,0.8566951566951566,,,,,,gini,6,11,,,,,,
16,RF,0.9142838642838644,,,,,,,5,8,0.5,300,,,,
16,XGB,0.91001036001036,,,,,,,5,36,,,4.300228369944163,0.10217178762356754,121,
16,SVM,0.9072908572908572,13.1753668292875,,,,,,,,,,,,,0.0015855313258182446
17,LR,0.911939911939912,0.11346764775688446,,,,,,,,,,,,,
17,NB,0.8965811965811966,,0.01739206523604993,,,,,,,,,,,,
17,KNN,0.9116291116291115,,,12,1,distance,,,,,,,,,
17,DT,0.8287231287231286,,,,,,gini,8,10,,,,,,
17,RF,0.9050764050764052,,,,,,,None,4,sqrt,200,,,,
17,XGB,0.9012432012432011,,,,,,,4,34,,,0.13948018390110864,0.016327850562121694,234,
17,SVM,0.915034965034965,3.2434631612024734,,,,,,,,,,,,,0.004404510416822413
18,LR,0.9080717993761471,0.09800986579006965,,,,,,,,,,,,,
18,NB,0.861053680618898,,0.005551567258088666,,,,,,,,,,,,
18,KNN,0.9030364965147575,,,39,1,distance,,,,,,,,,
18,DT,0.8614129027172505,,,,,,gini,5,16,,,,,,
18,RF,0.9001858045336306,,,,,,,3,2,sqrt,300,,,,
18,XGB,0.8948211209080774,,,,,,,3,26,,,0.0014869884515980138,0.0308670950465836,144,
18,SVM,0.9036113644809296,1.8530332145946462,,,,,,,,,,,,,0.003917561613759269
19,LR,0.9280964607051564,0.033226743204686625,,,,,,,,,,,,,
19,NB,0.9194374063939282,,0.04459275784982441,,,,,,,,,,,,
19,KNN,0.9278160647725866,,,26,1,distance,,,,,,,,,
19,DT,0.8294387576996274,,,,,,entropy,8,14,,,,,,
19,RF,0.9263651002781437,,,,,,,8,4,sqrt,100,,,,
19,XGB,0.9126972061754671,,,,,,,5,31,,,0.0032081165853272034,0.031203216041679707,208,
19,SVM,0.9317613143700101,72.39452665960613,,,,,,,,,,,,,0.00010331947417308988
20,LR,0.9183242683242684,0.2789571772731954,,,,,,,,,,,,,
20,NB,0.9051023051023052,,0.03424327319181013,,,,,,,,,,,,
20,KNN,0.9088383838383839,,,11,1,uniform,,,,,,,,,
20,DT,0.8568440818440818,,,,,,entropy,5,12,,,,,,
20,RF,0.9182854182854182,,,,,,,5,4,sqrt,300,,,,
20,XGB,0.9052188552188551,,,,,,,5,13,,,0.594478052198213,0.036087658562472855,182,
20,SVM,0.9178580678580678,7.722712076335473,,,,,,,,,,,,,0.0043851659489621345
21,LR,0.9316886816886818,0.18169715457074534,,,,,,,,,,,,,
21,NB,0.9035547785547786,,3.4626629892289185e-06,,,,,,,,,,,,
21,KNN,0.9199883449883451,,,9,1,distance,,,,,,,,,
21,DT,0.8709207459207459,,,,,,entropy,8,10,,,,,,
21,RF,0.9268194768194767,,,,,,,None,8,sqrt,300,,,,
21,XGB,0.9285806785806786,,,,,,,2,37,,,4.371239406066774,0.01851300398120836,258,
21,SVM,0.9293317793317794,1.6434787383763843,,,,,,,,,,,,,0.0038458432115618434
22,LR,0.8995078995078994,0.09574367823769889,,,,,,,,,,,,,
22,NB,0.8672364672364672,,6.179954168959268e-08,,,,,,,,,,,,
22,KNN,0.8970538720538721,,,15,1,uniform,,,,,,,,,
22,DT,0.8416083916083916,,,,,,gini,6,19,,,,,,
22,RF,0.9007122507122507,,,,,,,None,8,sqrt,300,,,,
22,XGB,0.9024281274281274,,,,,,,5,39,,,0.008083610203399476,0.020156581901625965,71,
22,SVM,0.8952732452732454,2.411959719260016,,,,,,,,,,,,,0.006301378914889679
23,LR,0.9248651509521075,3.1373918651016846,,,,,,,,,,,,,
23,NB,0.8865505669853496,,0.0005189294481419305,,,,,,,,,,,,
23,KNN,0.9174273391664697,,,33,1,distance,,,,,,,,,
23,DT,0.8250929022668153,,,,,,gini,8,9,,,,,,
23,RF,0.9217740391653436,,,,,,,8,2,sqrt,300,,,,
23,XGB,0.9232509036856863,,,,,,,2,28,,,0.48809813140123587,0.022333447788820054,173,
23,SVM,0.9214418431809737,0.8472289990220626,,,,,,,,,,,,,0.052320877913468476
24,LR,0.9080261928088016,0.21827264520291256,,,,,,,,,,,,,
24,NB,0.8824206389423781,,0.0019541343675362815,,,,,,,,,,,,
24,KNN,0.9129227053140097,,,12,1,uniform,,,,,,,,,
24,DT,0.832500872718264,,,,,,gini,6,14,,,,,,
24,RF,0.9056214317083882,,,,,,,5,3,sqrt,300,,,,
24,XGB,0.8976360595925813,,,,,,,None,33,,,5.8201242111392855,0.020884059645184208,173,
24,SVM,0.909441685528642,0.28232014259563937,,,,,,,,,,,,,0.05205176996063404
