comparison,metric,mean_diff,t_corrected,p_corrected,p_wilcoxon
A3 vs A0 Paper stacking,Accuracy,0.013978142076502725,0.7829561889214383,0.4413107584380239,0.10251405676555975
A3 vs A0 Paper stacking,F1,0.012212530448379062,0.696312352054861,0.49292235023242564,0.091844728177532
A3 vs A0 Paper stacking,AUC,0.0070046196087862715,0.7352019859090264,0.4693405450549885,0.1424778792962494
A3 vs A0 Paper stacking,MCC,0.02812731087132872,0.7868648963631749,0.4390624604384708,0.05818627247985126
A3 vs A0 Paper stacking,Brier,-0.005606006991631536,-0.8618207320810193,0.3973156296661271,0.05157625675201416
A3 vs A1 +Typed prep,Accuracy,0.00530054644808744,0.3501622038650197,0.7292714450228485,0.4222862139716659
A3 vs A1 +Typed prep,F1,0.004668460675120532,0.33169735482753837,0.7429969954853684,0.5230089917974712
A3 vs A1 +Typed prep,AUC,0.0048861131152797685,0.7400937132354487,0.46642193704702806,0.08027242836636991
A3 vs A1 +Typed prep,MCC,0.011096625082886774,0.3668468232370427,0.7169479174745643,0.429067256009819
A3 vs A1 +Typed prep,Brier,-0.001436703397626265,-0.3198602323509147,0.7518421968324885,0.49078595638275146
A3 vs A2 +Tuned (6),Accuracy,0.004655737704918033,0.5094056738457847,0.6151200516877284,0.2756079130963702
A3 vs A2 +Tuned (6),F1,0.004142052137490855,0.4566228880800336,0.6520479163855335,0.3634879469815159
A3 vs A2 +Tuned (6),AUC,-0.001337632275132279,-0.3160944239328202,0.7546635211192969,0.23006799827345614
A3 vs A2 +Tuned (6),MCC,0.009118286146869967,0.5077437150100432,0.6162677976013262,0.28053090025207417
A3 vs A2 +Tuned (6),Brier,0.00010078196084011836,0.031264637690885444,0.9753170437825153,0.8739878535270691
A3 vs A2b +Tuned+SVM (7),Accuracy,0.005300546448087435,0.535010090528186,0.5975655696545279,0.1803143786781647
A3 vs A2b +Tuned+SVM (7),F1,0.004988978397194374,0.5092025937180572,0.6152602448410024,0.21147639221681047
A3 vs A2b +Tuned+SVM (7),AUC,-0.0009973244348244314,-0.2554653536903953,0.8005403749751094,0.34560627815814104
A3 vs A2b +Tuned+SVM (7),MCC,0.010785949444813259,0.5439096473376892,0.5915211562918405,0.13975586593901426
A3 vs A2b +Tuned+SVM (7),Brier,-4.576335371493656e-05,-0.015251822370972258,0.9879573610246913,0.8739878535270691
A3 vs Best single (tuned),Accuracy,-0.0006448087431694027,-0.0426646427436406,0.9663218400459804,0.7932356991153768
A3 vs Best single (tuned),F1,-0.0027965715125968104,-0.20323665717424116,0.840663348810855,0.5256171302573314
A3 vs Best single (tuned),AUC,0.0045728615520282115,0.961819622366232,0.34573138688938676,0.023778329117189027
A3 vs Best single (tuned),MCC,-0.0005627138832908462,-0.01841332748915723,0.9854613466675907,0.9404809859004396
A3 vs Best single (tuned),Brier,-0.0037314140109753003,-0.7886134750256477,0.4380589428068535,0.04826241731643677
