Accuracy,Precision,Recall,F1,AUC,Specificity,MCC,Brier,TP,FP,TN,FN,meta,seed
1.0,1.0,1.0,1.0,1.0,1.0,1.0,0.0001787605770678824,107,0,98,0,LogReg (default),0
1.0,1.0,1.0,1.0,1.0,1.0,1.0,2.0000000000000022e-05,107,0,98,0,Random Forest,0
1.0,1.0,1.0,1.0,0.9999999999999999,1.0,1.0,3.790609999774235e-09,107,0,98,0,XGBoost,0
1.0,1.0,1.0,1.0,1.0,1.0,1.0,0.0,107,0,98,0,KNN,0
1.0,1.0,1.0,1.0,1.0,1.0,1.0,0.0003158593274314376,96,0,109,0,LogReg (default),1
1.0,1.0,1.0,1.0,1.0,1.0,1.0,8.634146341463421e-05,96,0,109,0,Random Forest,1
1.0,1.0,1.0,1.0,1.0,1.0,1.0,3.072861852617126e-07,96,0,109,0,XGBoost,1
1.0,1.0,1.0,1.0,1.0,1.0,1.0,0.0,96,0,109,0,KNN,1
1.0,1.0,1.0,1.0,0.9999999999999999,1.0,1.0,0.0008563319783467723,100,0,105,0,LogReg (default),2
1.0,1.0,1.0,1.0,1.0,1.0,1.0,0.0036034146341463406,100,0,105,0,Random Forest,2
1.0,1.0,1.0,1.0,0.9999999999999999,1.0,1.0,9.832932384770999e-08,100,0,105,0,XGBoost,2
0.9804878048780488,0.9615384615384616,1.0,0.9803921568627451,0.9998095238095238,0.9619047619047619,0.9617215942820588,0.012682926829268295,100,4,101,0,KNN,2
1.0,1.0,1.0,1.0,0.9999999999999999,1.0,1.0,0.00040515523548325175,99,0,106,0,LogReg (default),3
1.0,1.0,1.0,1.0,1.0,1.0,1.0,0.0017956097560975614,99,0,106,0,Random Forest,3
1.0,1.0,1.0,1.0,1.0,1.0,1.0,7.882174716308793e-05,99,0,106,0,XGBoost,3
0.9951219512195122,1.0,0.98989898989899,0.9949238578680203,1.0,1.0,0.9902765257593595,0.0025365853658536586,98,0,106,1,KNN,3
1.0,1.0,1.0,1.0,1.0,1.0,1.0,0.00047670937951356827,98,0,107,0,LogReg (default),4
1.0,1.0,1.0,1.0,1.0,1.0,1.0,0.00015756097560975615,98,0,107,0,Random Forest,4
1.0,1.0,1.0,1.0,1.0,1.0,1.0,1.0693875146644401e-05,98,0,107,0,XGBoost,4
1.0,1.0,1.0,1.0,1.0,1.0,1.0,0.0019512195121951222,98,0,107,0,KNN,4
1.0,1.0,1.0,1.0,0.9999999999999999,1.0,1.0,0.00040787084201869805,102,0,103,0,LogReg (default),5
1.0,1.0,1.0,1.0,1.0,1.0,1.0,0.0009473170731707314,102,0,103,0,Random Forest,5
1.0,1.0,1.0,1.0,1.0,1.0,1.0,3.409247879567152e-05,102,0,103,0,XGBoost,5
1.0,1.0,1.0,1.0,1.0,1.0,1.0,0.0015609756097560974,102,0,103,0,KNN,5
0.9853658536585366,0.97,1.0,0.9847715736040609,0.997709049255441,0.9722222222222222,0.9711104754638142,0.014726506984098137,97,3,105,0,LogReg (default),6
0.9853658536585366,0.97,1.0,0.9847715736040609,0.997709049255441,0.9722222222222222,0.9711104754638142,0.01603609756097561,97,3,105,0,Random Forest,6
0.9853658536585366,0.97,1.0,0.9847715736040609,0.9982817869415808,0.9722222222222222,0.9711104754638142,0.014574746907314366,97,3,105,0,XGBoost,6
0.9853658536585366,0.97,1.0,0.9847715736040609,0.9861111111111112,0.9722222222222222,0.9711104754638142,0.014829268292682928,97,3,105,0,KNN,6
1.0,1.0,1.0,1.0,1.0,1.0,1.0,0.0003348300500025387,116,0,89,0,LogReg (default),7
1.0,1.0,1.0,1.0,1.0,1.0,1.0,0.0012282926829268294,116,0,89,0,Random Forest,7
0.9804878048780488,1.0,0.9655172413793104,0.9824561403508771,1.0,1.0,0.9612437870250079,0.009237464279587026,112,0,89,4,XGBoost,7
0.9804878048780488,1.0,0.9655172413793104,0.9824561403508771,1.0,1.0,0.9612437870250079,0.012487804878048783,112,0,89,4,KNN,7
1.0,1.0,1.0,1.0,1.0,1.0,1.0,0.0002752243228511875,118,0,87,0,LogReg (default),8
1.0,1.0,1.0,1.0,1.0,1.0,1.0,1.853658536585369e-05,118,0,87,0,Random Forest,8
1.0,1.0,1.0,1.0,1.0,1.0,1.0,6.117080446526722e-09,118,0,87,0,XGBoost,8
1.0,1.0,1.0,1.0,1.0,1.0,1.0,0.0,118,0,87,0,KNN,8
0.9853658536585366,1.0,0.9739130434782609,0.986784140969163,0.9991304347826088,1.0,0.9708225861034753,0.010542971746185322,112,0,90,3,LogReg (default),9
0.9853658536585366,1.0,0.9739130434782609,0.986784140969163,0.9982608695652174,1.0,0.9708225861034753,0.013526341463414634,112,0,90,3,Random Forest,9
0.9853658536585366,1.0,0.9739130434782609,0.986784140969163,0.9995652173913044,1.0,0.9708225861034753,0.014603981942515942,112,0,90,3,XGBoost,9
0.9853658536585366,1.0,0.9739130434782609,0.986784140969163,0.9865217391304348,1.0,0.9708225861034753,0.016975609756097562,112,0,90,3,KNN,9
