Accuracy,Precision,Recall,F1,AUC,Specificity,MCC,Brier,TP,FP,TN,FN,model,seed,train_acc
0.8360655737704918,0.8611111111111112,0.8611111111111112,0.8611111111111112,0.9111111111111111,0.8,0.6611111111111111,0.11740810843198562,31,5,20,5,LR,0,0.8506224066390041
0.8032786885245902,0.8529411764705882,0.8055555555555556,0.8285714285714286,0.8933333333333333,0.8,0.5995893454692083,0.14747359489730139,29,5,20,7,NB,0,0.8298755186721992
0.819672131147541,0.8378378378378378,0.8611111111111112,0.8493150684931506,0.8555555555555555,0.76,0.6252937247743993,0.1481967213114754,31,6,19,5,KNN,0,0.8506224066390041
0.8360655737704918,0.8421052631578947,0.8888888888888888,0.8648648648648649,0.8244444444444444,0.76,0.6584698223852921,0.16393442622950818,32,6,19,4,DT,0,1.0
0.8360655737704918,0.8421052631578947,0.8888888888888888,0.8648648648648649,0.8988888888888888,0.76,0.6584698223852921,0.1298360655737705,32,6,19,4,RF,0,1.0
0.7868852459016393,0.7948717948717948,0.8611111111111112,0.8266666666666667,0.8200000000000001,0.68,0.5541968622557891,0.1747404450603985,31,8,17,5,XGB,0,1.0
0.8032786885245902,0.8333333333333334,0.8333333333333334,0.8333333333333334,0.8844444444444444,0.76,0.5933333333333334,0.13032167880412537,30,6,19,6,Stacking,0,0.8962655601659751
0.7540983606557377,0.8125,0.7428571428571429,0.7761194029850746,0.8626373626373626,0.7692307692307693,0.507097223208257,0.15894894614307775,26,6,20,9,LR,1,0.8547717842323651
0.7377049180327869,0.8064516129032258,0.7142857142857143,0.7575757575757576,0.8571428571428571,0.7692307692307693,0.4782891247195601,0.202998796442248,25,6,20,10,NB,1,0.8755186721991701
0.7704918032786885,0.7837837837837838,0.8285714285714286,0.8055555555555556,0.8686813186813187,0.6923076923076923,0.5272919760785556,0.1429508196721312,29,8,18,6,KNN,1,0.8713692946058091
0.8032786885245902,0.8709677419354839,0.7714285714285715,0.8181818181818182,0.8087912087912088,0.8461538461538461,0.6109056547554381,0.19672131147540983,27,4,22,8,DT,1,1.0
0.7377049180327869,0.7878787878787878,0.7428571428571429,0.7647058823529411,0.8736263736263736,0.7307692307692307,0.4700245998823392,0.14573442622950822,26,7,19,9,RF,1,1.0
0.7049180327868853,0.7428571428571429,0.7428571428571429,0.7428571428571429,0.8351648351648351,0.6538461538461539,0.3967032967032967,0.21298992479186293,26,9,17,9,XGB,1,1.0
0.7377049180327869,0.7878787878787878,0.7428571428571429,0.7647058823529411,0.8714285714285714,0.7307692307692307,0.4700245998823392,0.1591971439033378,26,7,19,9,Stacking,1,0.9128630705394191
0.819672131147541,0.7714285714285715,0.9,0.8307692307692308,0.9161290322580645,0.7419354838709677,0.6489513805854031,0.12092103786047516,27,8,23,3,LR,2,0.8464730290456431
0.8360655737704918,0.8125,0.8666666666666667,0.8387096774193549,0.9172043010752687,0.8064516129032258,0.6738432321543399,0.12780745552366699,26,6,25,4,NB,2,0.8423236514522822
0.7540983606557377,0.7142857142857143,0.8333333333333334,0.7692307692307693,0.8510752688172043,0.6774193548387096,0.5163348505495251,0.15737704918032788,25,10,21,5,KNN,2,0.9045643153526971
0.7213114754098361,0.7241379310344828,0.7,0.711864406779661,0.7209677419354839,0.7419354838709677,0.44241145114286534,0.2786885245901639,21,8,23,9,DT,2,1.0
0.819672131147541,0.7878787878787878,0.8666666666666667,0.8253968253968254,0.889784946236559,0.7741935483870968,0.6429375631761639,0.13729999999999998,26,7,24,4,RF,2,1.0
0.7540983606557377,0.7272727272727273,0.8,0.7619047619047619,0.8806451612903226,0.7096774193548387,0.5113295384991638,0.1641339287091681,24,9,22,6,XGB,2,1.0
0.819672131147541,0.7714285714285715,0.9,0.8307692307692308,0.9053763440860214,0.7419354838709677,0.6489513805854031,0.12449175453165079,27,8,23,3,Stacking,2,0.9253112033195021
0.8688524590163934,0.8108108108108109,0.967741935483871,0.8823529411764706,0.9129032258064516,0.7666666666666667,0.7515757285551287,0.10388319888920325,30,7,23,1,LR,3,0.8589211618257261
0.8688524590163934,0.8285714285714286,0.9354838709677419,0.8787878787878788,0.9204301075268817,0.8,0.7435221847913162,0.10335191491143009,29,6,24,2,NB,3,0.8257261410788381
0.8524590163934426,0.8235294117647058,0.9032258064516129,0.8615384615384616,0.9075268817204301,0.8,0.7078071305150944,0.12000000000000002,28,6,24,3,KNN,3,0.8796680497925311
0.7868852459016393,0.8214285714285714,0.7419354838709677,0.7796610169491526,0.7876344086021505,0.8333333333333334,0.5771335508376638,0.21311475409836064,23,5,25,8,DT,3,1.0
0.8360655737704918,0.8181818181818182,0.8709677419354839,0.84375,0.8935483870967742,0.8,0.673142683593836,0.12969508196721313,27,6,24,4,RF,3,1.0
0.8360655737704918,0.8,0.9032258064516129,0.8484848484848485,0.9043010752688172,0.7666666666666667,0.6772139197733772,0.13520661176418455,28,7,23,3,XGB,3,1.0
0.819672131147541,0.7941176470588235,0.8709677419354839,0.8307692307692308,0.9311827956989247,0.7666666666666667,0.6417884226230137,0.10692897416197564,27,7,23,4,Stacking,3,0.9543568464730291
0.8032786885245902,0.7837837837837838,0.8787878787878788,0.8285714285714286,0.8906926406926406,0.7142857142857143,0.6049759218314941,0.13772640046329712,29,8,20,4,LR,4,0.8713692946058091
0.819672131147541,0.8235294117647058,0.8484848484848485,0.835820895522388,0.9123376623376623,0.7857142857142857,0.6362683048979794,0.12768027036164448,28,6,22,5,NB,4,0.8340248962655602
0.8524590163934426,0.8333333333333334,0.9090909090909091,0.8695652173913043,0.8917748917748918,0.7857142857142857,0.7040083136069528,0.12721311475409838,30,6,22,3,KNN,4,0.8879668049792531
0.6885245901639344,0.7058823529411765,0.7272727272727273,0.7164179104477612,0.685064935064935,0.6428571428571429,0.37133747487219954,0.3114754098360656,24,10,18,9,DT,4,1.0
0.7540983606557377,0.7647058823529411,0.7878787878787878,0.7761194029850746,0.849025974025974,0.7142857142857143,0.5038028898850895,0.15624754098360658,26,8,20,7,RF,4,1.0
0.7868852459016393,0.7941176470588235,0.8181818181818182,0.8059701492537313,0.8603896103896104,0.75,0.5700355973915344,0.1889912651785945,27,7,21,6,XGB,4,1.0
0.819672131147541,0.84375,0.8181818181818182,0.8307692307692308,0.8939393939393939,0.8214285714285714,0.6382304303121595,0.14063147522629565,27,5,23,6,Stacking,4,0.970954356846473
0.7377049180327869,0.8,0.7567567567567568,0.7777777777777778,0.8186936936936937,0.7083333333333334,0.4594337259924967,0.18479337135511445,28,7,17,9,LR,5,0.8921161825726142
0.7377049180327869,0.8,0.7567567567567568,0.7777777777777778,0.7860360360360361,0.7083333333333334,0.4594337259924967,0.2308412659401671,28,7,17,9,NB,5,0.8630705394190872
0.7540983606557377,0.8055555555555556,0.7837837837837838,0.7945205479452054,0.8209459459459459,0.7083333333333334,0.48882532688088104,0.16721311475409834,29,7,17,8,KNN,5,0.9045643153526971
0.639344262295082,0.7142857142857143,0.6756756756756757,0.6944444444444444,0.6295045045045045,0.5833333333333334,0.2558589757343202,0.36065573770491804,25,10,14,12,DT,5,1.0
0.7377049180327869,0.8181818181818182,0.7297297297297297,0.7714285714285715,0.8547297297297297,0.75,0.47029150127776725,0.15475901639344264,27,6,18,10,RF,5,1.0
0.7868852459016393,0.8333333333333334,0.8108108108108109,0.821917808219178,0.865990990990991,0.75,0.5570595258276402,0.15045205791097163,30,6,18,7,XGB,5,1.0
0.7704918032786885,0.8108108108108109,0.8108108108108109,0.8108108108108109,0.8502252252252253,0.7083333333333334,0.5191441441441441,0.17007585881479428,30,7,17,7,Stacking,5,0.946058091286307
0.7868852459016393,0.7272727272727273,0.8571428571428571,0.7868852459016393,0.9112554112554112,0.7272727272727273,0.5844155844155844,0.1298766957541163,24,9,24,4,LR,6,0.8547717842323651
0.8032786885245902,0.7666666666666667,0.8214285714285714,0.7931034482758621,0.9134199134199135,0.7878787878787878,0.607338671255336,0.14308955769388068,23,7,26,5,NB,6,0.8423236514522822
0.8360655737704918,0.78125,0.8928571428571429,0.8333333333333334,0.9058441558441559,0.7878787878787878,0.6792672430902679,0.1278688524590164,25,7,26,3,KNN,6,0.8713692946058091
0.7704918032786885,0.7333333333333333,0.7857142857142857,0.7586206896551724,0.7716450216450216,0.7575757575757576,0.541534658916836,0.22950819672131148,22,8,25,6,DT,6,1.0
0.7704918032786885,0.7058823529411765,0.8571428571428571,0.7741935483870968,0.9090909090909091,0.696969696969697,0.5559204302180297,0.13113770491803278,24,10,23,4,RF,6,1.0
0.7377049180327869,0.7142857142857143,0.7142857142857143,0.7142857142857143,0.8376623376623378,0.7575757575757576,0.47186147186147187,0.198234650482163,20,8,25,8,XGB,6,1.0
0.8032786885245902,0.75,0.8571428571428571,0.8,0.9090909090909091,0.7575757575757576,0.6133923594201466,0.13938582094724836,24,8,25,4,Stacking,6,0.946058091286307
0.8852459016393442,0.9310344827586207,0.84375,0.8852459016393442,0.915948275862069,0.9310344827586207,0.7747844827586207,0.11277709508169281,27,2,27,5,LR,7,0.8506224066390041
0.8032786885245902,0.8571428571428571,0.75,0.8,0.8771551724137931,0.8620689655172413,0.6133923594201466,0.15365766766646385,24,4,25,8,NB,7,0.8340248962655602
0.8524590163934426,0.8709677419354839,0.84375,0.8571428571428571,0.9094827586206896,0.8620689655172413,0.7050596119186784,0.11737704918032789,27,4,25,5,KNN,7,0.8713692946058091
0.7049180327868853,0.7692307692307693,0.625,0.6896551724137931,0.709051724137931,0.7931034482758621,0.42221828885151014,0.29508196721311475,20,6,23,12,DT,7,1.0
0.8360655737704918,0.84375,0.84375,0.84375,0.9154094827586208,0.8275862068965517,0.6713362068965517,0.1197311475409836,27,5,24,5,RF,7,1.0
0.819672131147541,0.8620689655172413,0.78125,0.819672131147541,0.884698275862069,0.8620689655172413,0.6433189655172413,0.14528393851218818,25,4,25,7,XGB,7,1.0
0.8524590163934426,0.8709677419354839,0.84375,0.8571428571428571,0.9428879310344827,0.8620689655172413,0.7050596119186784,0.10833052379103282,27,4,25,5,Stacking,7,0.9377593360995851
0.8524590163934426,0.7857142857142857,1.0,0.88,0.9166666666666667,0.6785714285714286,0.7301802964378883,0.12397258114471502,33,9,19,0,LR,8,0.8423236514522822
0.7540983606557377,0.6956521739130435,0.9696969696969697,0.810126582278481,0.8917748917748918,0.5,0.5435371070469196,0.16951287835870515,32,14,14,1,NB,8,0.8713692946058091
0.7704918032786885,0.7111111111111111,0.9696969696969697,0.8205128205128205,0.8912337662337663,0.5357142857142857,0.5725516185815528,0.14229508196721308,32,13,15,1,KNN,8,0.8838174273858921
0.7868852459016393,0.7631578947368421,0.8787878787878788,0.8169014084507042,0.7786796536796537,0.6785714285714286,0.5730803627437612,0.21311475409836064,29,9,19,4,DT,8,1.0
0.7868852459016393,0.7380952380952381,0.9393939393939394,0.8266666666666667,0.913961038961039,0.6071428571428571,0.5881037475297186,0.122272131147541,31,11,17,2,RF,8,1.0
0.8032786885245902,0.7837837837837838,0.8787878787878788,0.8285714285714286,0.882034632034632,0.7142857142857143,0.6049759218314941,0.1529663417159031,29,8,20,4,XGB,8,1.0
0.819672131147541,0.75,1.0,0.8571428571428571,0.922077922077922,0.6071428571428571,0.674801558131828,0.1341534704938417,33,11,17,0,Stacking,8,0.9004149377593361
0.8032786885245902,0.8823529411764706,0.7894736842105263,0.8333333333333334,0.8638443935926774,0.8260869565217391,0.6006275083842246,0.1645691503866294,30,4,19,8,LR,9,0.8838174273858921
0.8032786885245902,0.8611111111111112,0.8157894736842105,0.8378378378378378,0.8672768878718536,0.782608695652174,0.5896912964169653,0.15596045252617163,31,5,18,7,NB,9,0.8381742738589212
0.819672131147541,0.8857142857142857,0.8157894736842105,0.8493150684931506,0.8792906178489703,0.8260869565217391,0.6290518570366439,0.1383606557377049,31,4,19,7,KNN,9,0.8962655601659751
0.7377049180327869,0.8666666666666667,0.6842105263157895,0.7647058823529411,0.7551487414187643,0.8260869565217391,0.4946951677282653,0.26229508196721313,26,4,19,12,DT,9,1.0
0.8032786885245902,0.8611111111111112,0.8157894736842105,0.8378378378378378,0.8832951945080092,0.782608695652174,0.5896912964169653,0.14512950819672135,31,5,18,7,RF,9,1.0
0.7377049180327869,0.84375,0.7105263157894737,0.7714285714285715,0.8558352402745996,0.782608695652174,0.47857230871353507,0.1953014906080129,27,5,18,11,XGB,9,1.0
0.7868852459016393,0.8571428571428571,0.7894736842105263,0.821917808219178,0.8878718535469108,0.782608695652174,0.5606522789987913,0.15659813060599112,30,5,18,8,Stacking,9,0.970954356846473
0.7704918032786885,0.7692307692307693,0.8571428571428571,0.8108108108108109,0.845054945054945,0.6538461538461539,0.5262457637432161,0.17196994603029545,30,9,17,5,LR,10,0.8672199170124482
0.7868852459016393,0.7894736842105263,0.8571428571428571,0.821917808219178,0.8285714285714286,0.6923076923076923,0.5606522789987913,0.20889027036858193,30,8,18,5,NB,10,0.8713692946058091
0.7377049180327869,0.7435897435897436,0.8285714285714286,0.7837837837837838,0.8368131868131868,0.6153846153846154,0.45721137323066513,0.1593442622950819,29,10,16,6,KNN,10,0.8713692946058091
0.7213114754098361,0.7647058823529411,0.7428571428571429,0.7536231884057971,0.7175824175824176,0.6923076923076923,0.43326454296278666,0.2786885245901639,26,8,18,9,DT,10,1.0
0.8032786885245902,0.8108108108108109,0.8571428571428571,0.8333333333333334,0.8686813186813187,0.7307692307692307,0.5951502261646144,0.1476377049180328,30,7,19,5,RF,10,1.0
0.819672131147541,0.8157894736842105,0.8857142857142857,0.8493150684931506,0.8901098901098901,0.7307692307692307,0.6290518570366439,0.14501134344018546,31,7,19,4,XGB,10,1.0
0.8032786885245902,0.7948717948717948,0.8857142857142857,0.8378378378378378,0.8593406593406593,0.6923076923076923,0.595280154255767,0.15888843006971518,31,8,18,4,Stacking,10,0.941908713692946
0.8524590163934426,0.868421052631579,0.8918918918918919,0.88,0.8952702702702703,0.7916666666666666,0.689011533752677,0.12755953056510974,33,5,19,4,LR,11,0.8630705394190872
0.8524590163934426,0.85,0.918918918918919,0.8831168831168831,0.918918918918919,0.75,0.6877653927912014,0.11322298144654344,34,6,18,3,NB,11,0.8423236514522822
0.8360655737704918,0.8648648648648649,0.8648648648648649,0.8648648648648649,0.9144144144144144,0.7916666666666666,0.6565315315315315,0.11672131147540986,32,5,19,5,KNN,11,0.8838174273858921
0.7704918032786885,0.8108108108108109,0.8108108108108109,0.8108108108108109,0.759572072072072,0.7083333333333334,0.5191441441441441,0.22950819672131148,30,7,17,7,DT,11,1.0
0.819672131147541,0.8421052631578947,0.8648648648648649,0.8533333333333334,0.8918918918918919,0.75,0.6197698474941707,0.13304426229508198,32,6,18,5,RF,11,1.0
0.7868852459016393,0.8157894736842105,0.8378378378378378,0.8266666666666667,0.8490990990990991,0.7083333333333334,0.5505281612356645,0.1564713470284104,31,7,17,6,XGB,11,1.0
0.8360655737704918,0.8461538461538461,0.8918918918918919,0.868421052631579,0.9065315315315315,0.75,0.6530173630399704,0.11924145167400849,33,6,18,4,Stacking,11,0.9336099585062241
0.819672131147541,0.8055555555555556,0.8787878787878788,0.8405797101449275,0.8917748917748918,0.75,0.6371165579527096,0.1334035994726585,29,7,21,4,LR,12,0.8589211618257261
0.819672131147541,0.8055555555555556,0.8787878787878788,0.8405797101449275,0.9101731601731602,0.75,0.6371165579527096,0.13008944073240847,29,7,21,4,NB,12,0.8340248962655602
0.8032786885245902,0.8181818181818182,0.8181818181818182,0.8181818181818182,0.8852813852813852,0.7857142857142857,0.6038961038961039,0.13180327868852457,27,6,22,6,KNN,12,0.8796680497925311
0.7049180327868853,0.6923076923076923,0.8181818181818182,0.75,0.6948051948051949,0.5714285714285714,0.4043178090878734,0.29508196721311475,27,12,16,6,DT,12,1.0
0.7868852459016393,0.7777777777777778,0.8484848484848485,0.8115942028985508,0.9036796536796537,0.7142857142857143,0.5702248022984665,0.12982786885245903,28,8,20,5,RF,12,1.0
0.7704918032786885,0.7714285714285715,0.8181818181818182,0.7941176470588235,0.8906926406926406,0.7142857142857143,0.5365478031139463,0.15878176638353242,27,8,20,6,XGB,12,1.0
0.8032786885245902,0.8,0.8484848484848485,0.8235294117647058,0.9069264069264069,0.75,0.6030710063455536,0.12540560859447725,28,7,21,5,Stacking,12,0.9294605809128631
0.8360655737704918,0.8064516129032258,0.8620689655172413,0.8333333333333334,0.9202586206896552,0.8125,0.6738432321543399,0.11121278572152854,25,6,26,4,LR,13,0.8340248962655602
0.8032786885245902,0.8148148148148148,0.7586206896551724,0.7857142857142857,0.9234913793103449,0.84375,0.6056426892254587,0.12216198174088361,22,5,27,7,NB,13,0.8340248962655602
0.8032786885245902,0.7741935483870968,0.8275862068965517,0.8,0.8755387931034483,0.78125,0.6081811919603867,0.14163934426229507,24,7,25,5,KNN,13,0.8879668049792531
0.7704918032786885,0.8,0.6896551724137931,0.7407407407407407,0.7667025862068966,0.84375,0.5416390355463555,0.22950819672131148,20,5,27,9,DT,13,1.0
0.8852459016393442,0.8666666666666667,0.896551724137931,0.8813559322033898,0.9450431034482758,0.875,0.7707216521126317,0.10423114754098362,26,4,28,3,RF,13,1.0
0.8688524590163934,0.8620689655172413,0.8620689655172413,0.8620689655172413,0.9375,0.875,0.7370689655172413,0.10207914375010713,25,4,28,4,XGB,13,1.0
0.8688524590163934,0.8620689655172413,0.8620689655172413,0.8620689655172413,0.9224137931034483,0.875,0.7370689655172413,0.10586326413093725,25,4,28,4,Stacking,13,0.946058091286307
0.8852459016393442,0.8888888888888888,0.9142857142857143,0.9014084507042254,0.910989010989011,0.8461538461538461,0.7646525542320046,0.10304947274490818,32,4,22,3,LR,14,0.8464730290456431
0.8524590163934426,0.8421052631578947,0.9142857142857143,0.8767123287671232,0.8868131868131868,0.7692307692307693,0.6974514350744965,0.12347665746239873,32,6,20,3,NB,14,0.8381742738589212
0.9180327868852459,0.8947368421052632,0.9714285714285714,0.9315068493150684,0.9285714285714286,0.8461538461538461,0.8342505911502016,0.09245901639344264,34,4,22,1,KNN,14,0.8547717842323651
0.819672131147541,0.8529411764705882,0.8285714285714286,0.8405797101449275,0.8181318681318682,0.8076923076923077,0.6334852787258927,0.18032786885245902,29,5,21,6,DT,14,1.0
0.9180327868852459,0.9166666666666666,0.9428571428571428,0.9295774647887324,0.9379120879120879,0.8846153846153846,0.8320568978854038,0.10197213114754097,33,3,23,2,RF,14,1.0
0.8688524590163934,0.8857142857142857,0.8857142857142857,0.8857142857142857,0.9131868131868132,0.8461538461538461,0.7318681318681318,0.11070183254959466,31,4,22,4,XGB,14,1.0
0.8852459016393442,0.8888888888888888,0.9142857142857143,0.9014084507042254,0.9252747252747253,0.8461538461538461,0.7646525542320046,0.09450247420592359,32,4,22,3,Stacking,14,0.9004149377593361
0.8360655737704918,0.8787878787878788,0.8285714285714286,0.8529411764705882,0.921978021978022,0.8461538461538461,0.6695942095771606,0.11696719834542428,29,4,22,6,LR,15,0.8589211618257261
0.8688524590163934,0.9090909090909091,0.8571428571428571,0.8823529411764706,0.9153846153846154,0.8846153846153846,0.7361174128087679,0.12285384850256527,30,3,23,5,NB,15,0.8174273858921162
0.8032786885245902,0.8484848484848485,0.8,0.8235294117647058,0.8857142857142857,0.8076923076923077,0.6030710063455536,0.13901639344262298,28,5,21,7,KNN,15,0.8713692946058091
0.7540983606557377,0.8846153846153846,0.6571428571428571,0.7540983606557377,0.7708791208791208,0.8846153846153846,0.5417582417582417,0.2459016393442623,23,3,23,12,DT,15,1.0
0.819672131147541,0.8529411764705882,0.8285714285714286,0.8405797101449275,0.904945054945055,0.8076923076923077,0.6334852787258927,0.12765901639344263,29,5,21,6,RF,15,1.0
0.819672131147541,0.8529411764705882,0.8285714285714286,0.8405797101449275,0.8967032967032966,0.8076923076923077,0.6334852787258927,0.14964776037889577,29,5,21,6,XGB,15,1.0
0.819672131147541,0.8529411764705882,0.8285714285714286,0.8405797101449275,0.9318681318681318,0.8076923076923077,0.6334852787258927,0.11926513568189097,29,5,21,6,Stacking,15,0.941908713692946
0.9016393442622951,0.8947368421052632,0.9444444444444444,0.918918918918919,0.9388888888888889,0.84,0.7960268743219455,0.09154635740284767,34,4,21,2,LR,16,0.8506224066390041
0.8524590163934426,0.8648648648648649,0.8888888888888888,0.8767123287671232,0.9211111111111111,0.8,0.6935279237211585,0.12666231388685076,32,5,20,4,NB,16,0.8340248962655602
0.8852459016393442,0.8918918918918919,0.9166666666666666,0.9041095890410958,0.915,0.84,0.7617621226679175,0.1036065573770492,33,4,21,3,KNN,16,0.8547717842323651
0.8688524590163934,0.9117647058823529,0.8611111111111112,0.8857142857142857,0.8705555555555555,0.88,0.7338093457393797,0.13114754098360656,31,3,22,5,DT,16,1.0
0.9016393442622951,0.875,0.9722222222222222,0.9210526315789473,0.9233333333333333,0.8,0.7993259395715603,0.11301639344262296,35,5,20,1,RF,16,1.0
0.8852459016393442,0.8717948717948718,0.9444444444444444,0.9066666666666666,0.9088888888888889,0.8,0.7624474285654594,0.09510466707077322,34,5,20,2,XGB,16,1.0
0.8852459016393442,0.8918918918918919,0.9166666666666666,0.9041095890410958,0.9444444444444445,0.84,0.7617621226679175,0.09110790252927814,33,4,21,3,Stacking,16,0.9253112033195021
0.8524590163934426,0.8,0.9333333333333333,0.8615384615384616,0.9473118279569892,0.7741935483870968,0.7152596456033422,0.09262915234706763,28,7,24,2,LR,17,0.8547717842323651
0.8032786885245902,0.78125,0.8333333333333334,0.8064516129032258,0.9118279569892473,0.7741935483870968,0.6081811919603867,0.14209671331815957,25,7,24,5,NB,17,0.8381742738589212
0.8524590163934426,0.8,0.9333333333333333,0.8615384615384616,0.8935483870967742,0.7741935483870968,0.7152596456033422,0.12655737704918033,28,7,24,2,KNN,17,0.8879668049792531
0.7868852459016393,0.7931034482758621,0.7666666666666667,0.7796610169491526,0.7865591397849462,0.8064516129032258,0.5737355315307718,0.21311475409836064,23,6,25,7,DT,17,1.0
0.819672131147541,0.7714285714285715,0.9,0.8307692307692308,0.8989247311827957,0.7419354838709677,0.6489513805854031,0.13130655737704916,27,8,23,3,RF,17,1.0
0.7704918032786885,0.7352941176470589,0.8333333333333334,0.78125,0.8827956989247312,0.7096774193548387,0.5465483194344383,0.16448019687515794,25,9,22,5,XGB,17,1.0
0.8360655737704918,0.7941176470588235,0.9,0.84375,0.9161290322580644,0.7741935483870968,0.6785857352185997,0.11611906531866574,27,7,24,3,Stacking,17,0.9585062240663901
0.8524590163934426,0.8235294117647058,0.9032258064516129,0.8615384615384616,0.913978494623656,0.8,0.7078071305150944,0.10975987006356416,28,6,24,3,LR,18,0.8464730290456431
0.8032786885245902,0.8064516129032258,0.8064516129032258,0.8064516129032258,0.8946236559139784,0.8,0.6064516129032258,0.14906160758474876,25,6,24,6,NB,18,0.8340248962655602
0.8524590163934426,0.84375,0.8709677419354839,0.8571428571428571,0.9037634408602151,0.8333333333333334,0.7050596119186784,0.11344262295081968,27,5,25,4,KNN,18,0.8755186721991701
0.819672131147541,0.7777777777777778,0.9032258064516129,0.835820895522388,0.8182795698924732,0.7333333333333333,0.6470814913068336,0.18032786885245902,28,8,22,3,DT,18,1.0
0.8852459016393442,0.8529411764705882,0.9354838709677419,0.8923076923076924,0.9096774193548387,0.8333333333333334,0.773825838407175,0.1125360655737705,29,5,25,2,RF,18,1.0
0.8688524590163934,0.8108108108108109,0.967741935483871,0.8823529411764706,0.9021505376344086,0.7666666666666667,0.7515757285551287,0.11412544375114465,30,7,23,1,XGB,18,1.0
0.8688524590163934,0.8285714285714286,0.9354838709677419,0.8787878787878788,0.9129032258064516,0.8,0.7435221847913162,0.10603377331876934,29,6,24,2,Stacking,18,0.9045643153526971
0.8852459016393442,0.9117647058823529,0.8857142857142857,0.8985507246376812,0.9571428571428572,0.8846153846153846,0.7669657692346299,0.08198632840605316,31,3,23,4,LR,19,0.8423236514522822
0.8524590163934426,0.90625,0.8285714285714286,0.8656716417910447,0.9428571428571428,0.8846153846153846,0.7062362615067785,0.10516018437035117,29,3,23,6,NB,19,0.8298755186721992
0.8688524590163934,0.9090909090909091,0.8571428571428571,0.8823529411764706,0.9324175824175824,0.8846153846153846,0.7361174128087679,0.10229508196721314,30,3,23,5,KNN,19,0.8547717842323651
0.8032786885245902,0.8285714285714286,0.8285714285714286,0.8285714285714286,0.798901098901099,0.7692307692307693,0.5978021978021978,0.19672131147540983,29,6,20,6,DT,19,1.0
0.9180327868852459,0.9166666666666666,0.9428571428571428,0.9295774647887324,0.9637362637362638,0.8846153846153846,0.8320568978854038,0.0837639344262295,33,3,23,2,RF,19,1.0
0.8688524590163934,0.8648648648648649,0.9142857142857143,0.8888888888888888,0.9373626373626374,0.8076923076923077,0.7308667263367321,0.09669074305565208,32,5,21,3,XGB,19,1.0
0.9016393442622951,0.9393939393939394,0.8857142857142857,0.9117647058823529,0.956043956043956,0.9230769230769231,0.8026406160403751,0.08217783664293533,31,2,24,4,Stacking,19,0.8921161825726142
0.9180327868852459,0.8918918918918919,0.9705882352941176,0.9295774647887324,0.9302832244008714,0.8518518518518519,0.8362172614386383,0.08600153250386643,33,4,23,1,LR,20,0.8215767634854771
0.8852459016393442,0.8461538461538461,0.9705882352941176,0.9041095890410958,0.9193899782135077,0.7777777777777778,0.7740905265754067,0.10301553850484427,33,6,21,1,NB,20,0.8257261410788381
0.8524590163934426,0.8571428571428571,0.8823529411764706,0.8695652173913043,0.8894335511982571,0.8148148148148148,0.7002255239802613,0.12459016393442623,30,5,22,4,KNN,20,0.8755186721991701
0.6885245901639344,0.7777777777777778,0.6176470588235294,0.6885245901639344,0.6977124183006536,0.7777777777777778,0.3954248366013072,0.3114754098360656,21,6,21,13,DT,20,1.0
0.8032786885245902,0.84375,0.7941176470588235,0.8181818181818182,0.9155773420479303,0.8148148148148148,0.6056426892254587,0.11808524590163935,27,5,22,7,RF,20,1.0
0.819672131147541,0.8709677419354839,0.7941176470588235,0.8307692307692308,0.9074074074074074,0.8518518518518519,0.6417884226230137,0.13177096879080843,27,4,23,7,XGB,20,1.0
0.8688524590163934,0.8611111111111112,0.9117647058823529,0.8857142857142857,0.929193899782135,0.8148148148148148,0.7338093457393797,0.0990135139403983,31,5,22,3,Stacking,20,0.9128630705394191
0.7704918032786885,0.7027027027027027,0.896551724137931,0.7878787878787878,0.8642241379310345,0.65625,0.5651150768588613,0.16386007461660385,26,11,21,3,LR,21,0.8672199170124482
0.7868852459016393,0.7352941176470589,0.8620689655172413,0.7936507936507936,0.865301724137931,0.71875,0.5839738989132777,0.17264254874417587,25,9,23,4,NB,21,0.8672199170124482
0.7704918032786885,0.7272727272727273,0.8275862068965517,0.7741935483870968,0.849676724137931,0.71875,0.5475174757500252,0.1639344262295082,24,9,23,5,KNN,21,0.8879668049792531
0.6885245901639344,0.625,0.8620689655172413,0.7246376811594203,0.6966594827586207,0.53125,0.4134083396044589,0.3114754098360656,25,15,17,4,DT,21,1.0
0.7049180327868853,0.6486486486486487,0.8275862068965517,0.7272727272727273,0.8324353448275863,0.59375,0.43072123791776756,0.17637049180327866,24,13,19,5,RF,21,0.995850622406639
0.6557377049180327,0.6052631578947368,0.7931034482758621,0.6865671641791045,0.8318965517241379,0.53125,0.33422335248903495,0.21480506164033386,23,15,17,6,XGB,21,1.0
0.7704918032786885,0.7142857142857143,0.8620689655172413,0.78125,0.8739224137931034,0.6875,0.5549776477171912,0.16093724715174598,25,10,22,4,Stacking,21,0.941908713692946
0.8032786885245902,0.8157894736842105,0.8611111111111112,0.8378378378378378,0.8588888888888889,0.72,0.5896912964169653,0.15063664470535523,31,7,18,5,LR,22,0.8381742738589212
0.7868852459016393,0.8484848484848485,0.7777777777777778,0.8115942028985508,0.8744444444444445,0.8,0.5702248022984665,0.1722974213507924,28,5,20,8,NB,22,0.8423236514522822
0.8032786885245902,0.8529411764705882,0.8055555555555556,0.8285714285714286,0.8594444444444445,0.8,0.5995893454692083,0.14885245901639343,29,5,20,7,KNN,22,0.8796680497925311
0.6885245901639344,0.7931034482758621,0.6388888888888888,0.7076923076923077,0.6994444444444444,0.76,0.39282507830533664,0.3114754098360656,23,6,19,13,DT,22,1.0
0.8032786885245902,0.875,0.7777777777777778,0.8235294117647058,0.8744444444444445,0.84,0.6083864722500478,0.13888196721311472,28,4,21,8,RF,22,1.0
0.7540983606557377,0.8,0.7777777777777778,0.7887323943661971,0.8544444444444446,0.72,0.4950351796184076,0.18132911480168154,28,7,18,8,XGB,22,1.0
0.7868852459016393,0.8484848484848485,0.7777777777777778,0.8115942028985508,0.8622222222222222,0.8,0.5702248022984665,0.14489127092657755,28,5,20,8,Stacking,22,0.9294605809128631
0.7868852459016393,0.75,0.8709677419354839,0.8059701492537313,0.8881720430107527,0.7,0.5804058646687984,0.14813802999189457,27,9,21,4,LR,23,0.8796680497925311
0.7377049180327869,0.7272727272727273,0.7741935483870968,0.75,0.8516129032258064,0.7,0.475730646578336,0.19861663641119068,24,9,21,7,NB,23,0.8589211618257261
0.7704918032786885,0.7297297297297297,0.8709677419354839,0.7941176470588235,0.8629032258064515,0.6666666666666666,0.550201851065248,0.160655737704918,27,10,20,4,KNN,23,0.8672199170124482
0.7377049180327869,0.7272727272727273,0.7741935483870968,0.75,0.7370967741935484,0.7,0.475730646578336,0.26229508196721313,24,9,21,7,DT,23,1.0
0.7868852459016393,0.7368421052631579,0.9032258064516129,0.8115942028985508,0.8876344086021506,0.6666666666666666,0.5878664549237232,0.14434754098360655,28,10,20,3,RF,23,1.0
0.7377049180327869,0.6923076923076923,0.8709677419354839,0.7714285714285715,0.878494623655914,0.6,0.4903305946369197,0.18427311799826412,27,12,18,4,XGB,23,1.0
0.7704918032786885,0.7297297297297297,0.8709677419354839,0.7941176470588235,0.8870967741935485,0.6666666666666666,0.550201851065248,0.14748955422113558,27,10,20,4,Stacking,23,0.941908713692946
0.7704918032786885,0.6388888888888888,0.9583333333333334,0.7666666666666667,0.9504504504504505,0.6486486486486487,0.6029218562672651,0.14420347976905723,23,13,24,1,LR,24,0.8755186721991701
0.8032786885245902,0.6764705882352942,0.9583333333333334,0.7931034482758621,0.9504504504504505,0.7027027027027027,0.6501450761118949,0.14082700937866646,23,11,26,1,NB,24,0.8506224066390041
0.7540983606557377,0.6216216216216216,0.9583333333333334,0.7540983606557377,0.8631756756756757,0.6216216216216216,0.579954954954955,0.18098360655737702,23,14,23,1,KNN,24,0.9004149377593361
0.6721311475409836,0.55,0.9166666666666666,0.6875,0.7150900900900901,0.5135135135135135,0.44230030310814633,0.32786885245901637,22,18,19,2,DT,24,1.0
0.7213114754098361,0.5897435897435898,0.9583333333333334,0.7301587301587301,0.9324324324324325,0.5675675675675675,0.5350159798941512,0.16195409836065572,23,16,21,1,RF,24,1.0
0.7049180327868853,0.575,0.9583333333333334,0.71875,0.8130630630630631,0.5405405405405406,0.5129294091018556,0.24852625022803967,23,17,20,1,XGB,24,1.0
0.7377049180327869,0.6052631578947368,0.9583333333333334,0.7419354838709677,0.9268018018018018,0.5945945945945946,0.5573388189004356,0.17991076154993502,23,15,22,1,Stacking,24,0.979253112033195
0.819672131147541,0.7666666666666667,0.8518518518518519,0.8070175438596491,0.8943355119825708,0.7941176470588235,0.6417884226230137,0.13808908343251758,23,7,27,4,LR,25,0.8506224066390041
0.819672131147541,0.7857142857142857,0.8148148148148148,0.8,0.8888888888888888,0.8235294117647058,0.6362683048979794,0.1627285103185512,22,6,28,5,NB,25,0.8589211618257261
0.8524590163934426,0.8,0.8888888888888888,0.8421052631578947,0.8720043572984748,0.8235294117647058,0.7078071305150944,0.1475409836065574,24,6,28,3,KNN,25,0.8879668049792531
0.8032786885245902,0.7777777777777778,0.7777777777777778,0.7777777777777778,0.8006535947712418,0.8235294117647058,0.6013071895424836,0.19672131147540983,21,6,28,6,DT,25,1.0
0.819672131147541,0.7666666666666667,0.8518518518518519,0.8070175438596491,0.8927015250544662,0.7941176470588235,0.6417884226230137,0.13424098360655737,23,7,27,4,RF,25,1.0
0.7377049180327869,0.6896551724137931,0.7407407407407407,0.7142857142857143,0.8790849673202614,0.7352941176470589,0.47346306832115465,0.16395181543097925,20,9,25,7,XGB,25,1.0
0.819672131147541,0.7666666666666667,0.8518518518518519,0.8070175438596491,0.8910675381263615,0.7941176470588235,0.6417884226230137,0.13597932326449866,23,7,27,4,Stacking,25,0.921161825726141
0.8360655737704918,0.8,0.9032258064516129,0.8484848484848485,0.9225806451612903,0.7666666666666667,0.6772139197733772,0.1131898346316541,28,7,23,3,LR,26,0.8547717842323651
0.8688524590163934,0.8709677419354839,0.8709677419354839,0.8709677419354839,0.9279569892473118,0.8666666666666667,0.7376344086021506,0.11398528354716744,27,4,26,4,NB,26,0.8381742738589212
0.8688524590163934,0.8484848484848485,0.9032258064516129,0.875,0.8725806451612903,0.8333333333333334,0.738946695932336,0.13573770491803278,28,5,25,3,KNN,26,0.8838174273858921
0.6721311475409836,0.6896551724137931,0.6451612903225806,0.6666666666666666,0.6725806451612902,0.7,0.3455330311845737,0.32786885245901637,20,9,21,11,DT,26,1.0
0.8524590163934426,0.8235294117647058,0.9032258064516129,0.8615384615384616,0.9311827956989247,0.8,0.7078071305150944,0.10586065573770492,28,6,24,3,RF,26,1.0
0.819672131147541,0.7777777777777778,0.9032258064516129,0.835820895522388,0.9096774193548387,0.7333333333333333,0.6470814913068336,0.12602249146937933,28,8,22,3,XGB,26,1.0
0.8360655737704918,0.8,0.9032258064516129,0.8484848484848485,0.9290322580645162,0.7666666666666667,0.6772139197733772,0.10820148224316083,28,7,23,3,Stacking,26,0.921161825726141
0.8524590163934426,0.8780487804878049,0.9,0.8888888888888888,0.8690476190476191,0.7619047619047619,0.669928142869513,0.14089499214594775,36,5,16,4,LR,27,0.8547717842323651
0.7540983606557377,0.8378378378378378,0.775,0.8051948051948052,0.8511904761904762,0.7142857142857143,0.47587807481007366,0.19766120515661464,31,6,15,9,NB,27,0.8506224066390041
0.819672131147541,0.8717948717948718,0.85,0.8607594936708861,0.8595238095238096,0.7619047619047619,0.6054521587807881,0.14622950819672131,34,5,16,6,KNN,27,0.8547717842323651
0.7540983606557377,0.7777777777777778,0.875,0.8235294117647058,0.6994047619047619,0.5238095238095238,0.4307635186441732,0.2459016393442623,35,10,11,5,DT,27,1.0
0.8032786885245902,0.8333333333333334,0.875,0.8536585365853658,0.9041666666666667,0.6666666666666666,0.5557382740461251,0.12555245901639345,35,7,14,5,RF,27,1.0
0.8032786885245902,0.85,0.85,0.85,0.875,0.7142857142857143,0.5642857142857143,0.15050856754918215,34,6,15,6,XGB,27,1.0
0.8032786885245902,0.868421052631579,0.825,0.8461538461538461,0.8857142857142857,0.7619047619047619,0.5753757578504872,0.13833855871956968,33,5,16,7,Stacking,27,0.9045643153526971
0.8360655737704918,0.875,0.875,0.875,0.925,0.7619047619047619,0.6369047619047619,0.10552972572563558,35,5,16,5,LR,28,0.8506224066390041
0.8360655737704918,0.9166666666666666,0.825,0.868421052631579,0.9523809523809523,0.8571428571428571,0.6590126091719483,0.10651113917411831,33,3,18,7,NB,28,0.8423236514522822
0.7868852459016393,0.8648648648648649,0.8,0.8311688311688312,0.8755952380952381,0.7619047619047619,0.5465071808037829,0.13508196721311475,32,5,16,8,KNN,28,0.8838174273858921
0.639344262295082,0.75,0.675,0.7105263157894737,0.6232142857142857,0.5714285714285714,0.2380726179731122,0.36065573770491804,27,9,12,13,DT,28,1.0
0.8524590163934426,0.8974358974358975,0.875,0.8860759493670886,0.8648809523809523,0.8095238095238095,0.6773054305427103,0.13805737704918034,35,4,17,5,RF,28,1.0
0.7540983606557377,0.8571428571428571,0.75,0.8,0.8285714285714286,0.7619047619047619,0.49182218668705335,0.18518088496785023,30,5,16,10,XGB,28,1.0
0.819672131147541,0.8717948717948718,0.85,0.8607594936708861,0.913095238095238,0.7619047619047619,0.6054521587807881,0.12557821963979493,34,5,16,6,Stacking,28,0.9294605809128631
0.819672131147541,0.8780487804878049,0.8571428571428571,0.8674698795180723,0.8558897243107769,0.7368421052631579,0.5859626977435438,0.14754775163233075,36,5,14,6,LR,29,0.8630705394190872
0.7868852459016393,0.8372093023255814,0.8571428571428571,0.8470588235294118,0.8383458646616542,0.631578947368421,0.49624104305847205,0.17832353196763032,36,7,12,6,NB,29,0.8464730290456431
0.7868852459016393,0.8372093023255814,0.8571428571428571,0.8470588235294118,0.8452380952380953,0.631578947368421,0.49624104305847205,0.14688524590163932,36,7,12,6,KNN,29,0.8796680497925311
0.7540983606557377,0.8292682926829268,0.8095238095238095,0.8192771084337349,0.7205513784461153,0.631578947368421,0.4351452945268511,0.2459016393442623,34,7,12,8,DT,29,1.0
0.8032786885245902,0.8571428571428571,0.8571428571428571,0.8571428571428571,0.8276942355889725,0.6842105263157895,0.5413533834586466,0.15906065573770495,36,6,13,6,RF,29,1.0
0.8032786885245902,0.8571428571428571,0.8571428571428571,0.8571428571428571,0.8283208020050125,0.6842105263157895,0.5413533834586466,0.15484355401398983,36,6,13,6,XGB,29,1.0
0.819672131147541,0.8604651162790697,0.8809523809523809,0.8705882352941177,0.8571428571428571,0.6842105263157895,0.5738582318445408,0.14061765140439098,37,6,13,5,Stacking,29,0.921161825726141
